"startday","weather","humidity","temperatureMax","temperatureMin","windspeed"
"2013-05-01","PARTLY_CLOUDY_DAY","0.53","77.06","63.32","7.05"
"2013-05-02","WIND","0.72","62.29","42.55","15.34"
"2013-05-03","PARTLY_CLOUDY_DAY","0.89","47","40.01","12.37"
"2013-05-04","CLEAR_DAY","0.65","62.9","47.2","5.62"
"2013-05-05","CLEAR_DAY","0.6","58","48.48","8.86"
"2013-05-06","PARTLY_CLOUDY_NIGHT","0.51","59.06","50.62","7.81"
"2013-05-07","CLEAR_DAY","0.51","62.68","50.01","5.31"
"2013-05-08","CLEAR_DAY","0.54","64.51","50.48","2.6"
"2013-05-09","RAIN","0.68","68.01","49.23","2.14"
"2013-05-10","WIND","0.9","49.13","42.8","12.18"
"2013-05-11","PARTLY_CLOUDY_DAY","0.68","57.75","44.71","6.48"
"2013-05-12","PARTLY_CLOUDY_DAY","0.52","47.42","40.51","5.03"
"2013-05-13","PARTLY_CLOUDY_NIGHT","0.52","52.45","40.34","4.81"
"2013-05-14","WIND","0.44","81.7","52.9","7.66"
"2013-05-15","CLEAR_DAY","0.44","78.49","60.79","2.8"
"2013-05-16","CLEAR_DAY","0.52","73.42","54.9","2.83"
"2013-05-17","PARTLY_CLOUDY_DAY","0.6","63.77","55.2","4.3"
"2013-05-18","PARTLY_CLOUDY_NIGHT","0.68","67.92","55.47","3.6"
"2013-05-19","CLEAR_DAY","0.65","75.92","59.12","4.27"
"2013-05-20","RAIN","0.55","88.02","70.43","12.88"
"2013-05-21","RAIN","0.73","79.66","64.47","11.3"
"2013-05-22","RAIN","0.8","70.73","57.01","4.22"
"2013-05-23","WIND","0.8","54.27","42.88","18.35"
"2013-05-24","CLEAR_DAY","0.59","50.26","41.47","10.53"
"2013-05-25","PARTLY_CLOUDY_DAY","0.64","52.35","44.25","4.96"
"2013-05-26","PARTLY_CLOUDY_DAY","0.65","61.17","46.5","3.77"
"2013-05-27","RAIN","0.87","57.66","54.04","7.9"
"2013-05-28","RAIN","0.85","75.22","55.6","9.28"
"2013-05-29","PARTLY_CLOUDY_DAY","0.74","78.59","64.66","5.99"
"2013-05-30","RAIN","0.69","80.82","67.82","14.61"
"2013-05-31","WIND","0.79","76.31","64.15","11.92"
"2013-06-01","RAIN","0.79","73.7","62.31","11.97"
"2013-06-02","PARTLY_CLOUDY_DAY","0.84","64.23","47.74","3.78"
"2013-06-03","PARTLY_CLOUDY_DAY","0.65","60.67","45.81","2.61"
"2013-06-04","CLEAR_DAY","0.6","64.27","51.65","4.21"
"2013-06-05","PARTLY_CLOUDY_DAY","0.62","64.79","54.36","6.12"
"2013-06-06","PARTLY_CLOUDY_DAY","0.74","59.13","53.57","9.1"
"2013-06-07","PARTLY_CLOUDY_DAY","0.66","62.09","52.3","9.7"
"2013-06-08","PARTLY_CLOUDY_NIGHT","0.57","64.85","52.9","3.69"
"2013-06-09","PARTLY_CLOUDY_DAY","0.6","72.57","56.67","5.2"
"2013-06-10","PARTLY_CLOUDY_DAY","0.84","67.46","58.91","2.45"
"2013-06-11","RAIN","0.73","76.14","58.54","2.41"
"2013-06-12","RAIN","0.8","76.93","62.67","2.56"
"2013-06-13","WIND","0.71","64.99","57.56","12.14"
"2013-06-14","CLEAR_DAY","0.67","65","55.88","7.88"
"2013-06-15","WIND","0.74","74.57","58.23","4.8"
"2013-06-16","PARTLY_CLOUDY_DAY","0.66","81.36","69.71","7.5"
"2013-06-17","PARTLY_CLOUDY_NIGHT","0.57","86.5","60.68","4.31"
"2013-06-18","WIND","0.75","63.51","55.93","12.78"
"2013-06-19","CLEAR_DAY","0.56","68","56.62","5.48"
"2013-06-20","CLEAR_DAY","0.57","76.61","60.38","4.8"
"2013-06-21","RAIN","0.7","81.56","69.63","8.02"
"2013-06-22","PARTLY_CLOUDY_DAY","0.77","78.7","69.05","5.1"
"2013-06-23","PARTLY_CLOUDY_DAY","0.73","85.1","68.49","9.28"
"2013-06-24","RAIN","0.78","82.95","68.73","8.13"
"2013-06-25","PARTLY_CLOUDY_DAY","0.77","84.08","68.8","4.38"
"2013-06-26","RAIN","0.79","78.56","65.68","3.61"
"2013-06-27","RAIN","0.74","87.03","64.3","3.21"
"2013-06-28","RAIN","0.66","80.08","67.41","8.18"
"2013-06-29","WIND","0.82","67.14","63.02","11.3"
"2013-06-30","WIND","0.64","68.32","62.94","13.74"
"2013-07-01","WIND","0.57","68.47","62.35","12.79"
"2013-07-02","PARTLY_CLOUDY_DAY","0.71","64.06","60.72","11.63"
"2013-07-03","CLEAR_DAY","0.85","66.1","60.86","4.21"
"2013-07-04","PARTLY_CLOUDY_DAY","0.71","78.56","61.79","6.83"
"2013-07-05","PARTLY_CLOUDY_DAY","0.67","76.61","64.95","3.74"
"2013-07-06","PARTLY_CLOUDY_DAY","0.72","77.19","69","4.74"
"2013-07-07","PARTLY_CLOUDY_DAY","0.69","85.52","70.51","7.19"
"2013-07-08","RAIN","0.76","84.95","71.34","8.76"
"2013-07-09","PARTLY_CLOUDY_DAY","0.81","83.55","70.38","5.59"
"2013-07-10","PARTLY_CLOUDY_DAY","0.7","80.32","67.33","3.61"
"2013-07-11","CLEAR_DAY","0.6","74.37","65.81","4.72"
"2013-07-12","CLEAR_DAY","0.6","74.98","62.01","4.66"
"2013-07-13","CLEAR_DAY","0.63","76.68","66.1","4.51"
"2013-07-14","PARTLY_CLOUDY_DAY","0.68","80.73","71.48","6.43"
"2013-07-15","PARTLY_CLOUDY_DAY","0.74","82.23","73.04","4.05"
"2013-07-16","PARTLY_CLOUDY_DAY","0.7","88.07","76.95","4.63"
"2013-07-17","PARTLY_CLOUDY_DAY","0.64","88.1","77.85","3.31"
"2013-07-18","RAIN","0.66","92.84","79.28","6.49"
"2013-07-19","RAIN","0.6","93.57","77.5","12.46"
"2013-07-20","CLEAR_DAY","0.65","80.99","71.44","4.97"
"2013-07-21","CLEAR_DAY","0.68","82.21","71.18","5.59"
"2013-07-22","PARTLY_CLOUDY_DAY","0.68","83.43","71.18","5.03"
"2013-07-23","WIND","0.66","78.88","65.02","8.58"
"2013-07-24","PARTLY_CLOUDY_DAY","0.58","68.74","61.28","11.16"
"2013-07-25","PARTLY_CLOUDY_DAY","0.6","75.05","60.45","2.04"
"2013-07-26","PARTLY_CLOUDY_DAY","0.74","71.29","67.18","9.1"
"2013-07-27","PARTLY_CLOUDY_NIGHT","0.71","67.26","60.3","8.85"
"2013-07-28","PARTLY_CLOUDY_DAY","0.63","67.98","55.38","9.05"
"2013-07-29","PARTLY_CLOUDY_DAY","0.67","69.13","58.81","2.5"
"2013-07-30","CLEAR_DAY","0.74","71.42","60.91","5.46"
"2013-07-31","RAIN","0.85","72.34","65.52","0.63"
"2013-08-01","RAIN","0.67","75.96","63.44","4.21"
"2013-08-02","RAIN","0.74","81.72","64.56","3.28"
"2013-08-03","CLEAR_DAY","0.62","73.8","66.36","7.58"
"2013-08-04","CLEAR_DAY","0.69","70.18","62.49","5.41"
"2013-08-05","CLEAR_DAY","0.71","73.41","62.73","7.32"
"2013-08-06","CLEAR_DAY","0.78","81.36","67.74","7.29"
"2013-08-07","CLEAR_DAY","0.77","83.63","69.75","2.13"
"2013-08-08","CLEAR_DAY","0.64","73.02","67.75","10.33"
"2013-08-09","CLEAR_DAY","0.63","78.74","64.03","1.06"
"2013-08-10","CLEAR_DAY","0.64","75.52","67.5","5.71"
"2013-08-11","CLEAR_DAY","0.66","76.4","64.6","1.23"
"2013-08-12","RAIN","0.73","81.81","69.45","4.06"
"2013-08-13","WIND","0.64","69.5","62.76","12.31"
"2013-08-14","CLEAR_DAY","0.63","67.08","60.59","5.91"
"2013-08-15","CLEAR_DAY","0.64","72.42","58.12","3.79"
"2013-08-16","CLEAR_DAY","0.61","76.07","62","1.99"
"2013-08-17","CLEAR_DAY","0.64","75.44","63.27","5.39"
"2013-08-18","CLEAR_DAY","0.66","75.94","64.67","4.96"
"2013-08-19","CLEAR_DAY","0.64","78.64","64.74","1.96"
"2013-08-20","CLEAR_DAY","0.63","85.16","69.03","6.29"
"2013-08-21","CLEAR_DAY","0.62","88.55","70.37","7.69"
"2013-08-22","RAIN","0.84","77.96","68.42","2.74"
"2013-08-23","CLEAR_DAY","0.66","76.26","64.83","7.23"
"2013-08-24","CLEAR_DAY","0.62","79.47","64.76","6.42"
"2013-08-25","CLEAR_DAY","0.57","87.83","68.8","8.07"
"2013-08-26","CLEAR_DAY","0.65","89.31","71.64","7.86"
"2013-08-27","CLEAR_DAY","0.63","92.48","77.78","9.91"
"2013-08-28","CLEAR_DAY","0.75","84.14","70.03","6.4"
"2013-08-29","CLEAR_DAY","0.74","77.75","68.62","2.61"
"2013-08-30","RAIN","0.71","93.28","70.96","5.4"
"2013-08-31","RAIN","0.83","74.07","70.43","6.07"
"2013-09-01","RAIN","0.78","78.28","68.44","1.64"
"2013-09-02","CLEAR_DAY","0.74","72.92","65.73","9.61"
"2013-09-03","CLEAR_DAY","0.66","71.58","60.56","2.69"
"2013-09-04","CLEAR_DAY","0.66","80.54","60.42","3.87"
"2013-09-05","CLEAR_DAY","0.63","71.08","65.08","9.12"
"2013-09-06","CLEAR_DAY","0.6","80.55","62.04","6.45"
"2013-09-07","CLEAR_DAY","0.67","83.97","68.53","5.75"
"2013-09-08","CLEAR_DAY","0.77","75.14","70.69","9.29"
"2013-09-09","CLEAR_DAY","0.68","93.12","68.11","7.74"
"2013-09-10","CLEAR_DAY","0.5","93.38","78.47","10.16"
"2013-09-11","CLEAR_DAY","0.63","83.61","74.03","3.21"
"2013-09-12","WIND","0.67","79.36","64.41","7.05"
"2013-09-13","WIND","0.6","64.35","54.57","14.17"
"2013-09-14","CLEAR_DAY","0.59","69.6","51.67","4.37"
"2013-09-15","RAIN","0.75","61.54","57.88","2.12"
"2013-09-16","WIND","0.71","61.12","56.55","12.42"
"2013-09-17","CLEAR_DAY","0.67","67.41","53.29","9.17"
"2013-09-18","RAIN","0.7","78.97","61.58","7.96"
"2013-09-19","RAIN","0.8","77.53","68.46","9.64"
"2013-09-20","CLEAR_DAY","0.74","76.42","61.25","9.22"
"2013-09-21","CLEAR_DAY","0.67","63.99","55.88","9.9"
"2013-09-22","CLEAR_DAY","0.68","62.45","53.79","5.53"
"2013-09-23","CLEAR_DAY","0.67","64.71","52.06","8.2"
"2013-09-24","CLEAR_DAY","0.67","66.14","52.38","7.49"
"2013-09-25","CLEAR_DAY","0.72","65.95","57.52","7.47"
"2013-09-26","CLEAR_DAY","0.7","69.41","57.77","5.93"
"2013-09-27","CLEAR_DAY","0.58","73.96","58.2","6.41"
"2013-09-28","RAIN","0.57","82.11","58.19","11.32"
"2013-09-29","CLEAR_DAY","0.72","73.48","56.4","5.59"
"2013-09-30","CLEAR_DAY","0.68","69.07","53","3.02"
"2013-10-01","WIND","0.76","77.37","62.37","10.83"
"2013-10-02","CLEAR_DAY","0.64","71.2","63.53","2.87"
"2013-10-03","RAIN","0.86","75.96","63.51","7.36"
"2013-10-04","CLEAR_DAY","0.85","72.28","65.97","2.04"
"2013-10-05","RAIN","0.87","78.25","65.85","6.89"
"2013-10-06","RAIN","0.71","67.94","48.05","8.26"
"2013-10-07","CLEAR_DAY","0.69","66.02","46.42","6.52"
"2013-10-08","CLEAR_DAY","0.65","69.16","49.23","5.41"
"2013-10-09","CLEAR_DAY","0.65","65.65","52.31","4.05"
"2013-10-10","CLEAR_DAY","0.7","67.58","51.41","4.38"
"2013-10-11","CLEAR_DAY","0.62","69.23","56.04","6.2"
"2013-10-12","CLEAR_DAY","0.71","71.91","57.7","6.76"
"2013-10-13","CLEAR_DAY","0.64","60.58","49.5","5.67"
"2013-10-14","CLEAR_DAY","0.69","59.37","51.13","8.26"
"2013-10-15","CLEAR_DAY","0.78","63.31","53.5","9.07"
"2013-10-16","CLEAR_DAY","0.76","53.65","47.88","9.91"
"2013-10-17","CLEAR_DAY","0.84","51.99","46.59","7.44"
"2013-10-18","CLEAR_DAY","0.78","49.41","43.57","7.79"
"2013-10-19","CLEAR_DAY","0.67","52.71","43.77","8.77"
"2013-10-20","CLEAR_DAY","0.68","62.7","41.33","7.16"
"2013-10-21","CLEAR_DAY","0.63","56.34","38.08","9.74"
"2013-10-22","CLEAR_DAY","0.76","41.56","33","6.37"
"2013-10-23","CLEAR_DAY","0.68","44.12","34.93","9.55"
"2013-10-24","CLEAR_DAY","0.59","42.03","37.06","9.96"
"2013-10-25","WIND","0.57","49.99","32.47","9.3"
"2013-10-26","WIND","0.51","52.64","43.03","10.18"
"2013-10-27","CLEAR_DAY","0.61","53.76","35.14","7.32"
"2013-10-28","CLEAR_DAY","0.73","51.78","40.81","7.98"
"2013-10-29","CLEAR_DAY","0.71","53.37","43.06","7.22"
"2013-10-30","RAIN","0.89","57.69","47.49","5.13"
"2013-10-31","RAIN","0.92","63.75","49.51","9.13"
"2013-11-01","CLEAR_DAY","0.8","48.73","44.76","12.48"
"2013-11-02","CLEAR_DAY","0.84","46.62","40.75","7.22"
"2013-11-03","WIND","0.75","50.24","37.4","4.5"
"2013-11-04","CLEAR_DAY","0.64","55.7","44.02","14.29"
"2013-11-05","RAIN","0.77","54.56","51.38","10.19"
"2013-11-06","RAIN","0.85","56.14","38.99","9.88"
"2013-11-07","CLEAR_DAY","0.71","43.72","33.55","9.2"
"2013-11-08","WIND","0.68","47.31","32","6.45"
"2013-11-09","CLEAR_DAY","0.57","57.09","45.11","14.76"
"2013-11-10","CLEAR_DAY","0.59","48.16","36.44","8.38"
"2013-11-11","WIND","0.7","47.14","28.55","7.86"
"2013-11-12","CLEAR_DAY","0.64","33.15","25.74","11.02"
"2013-11-13","CLEAR_DAY","0.6","38.92","21.86","12.51"
"2013-11-14","CLEAR_DAY","0.5","49.12","32.39","14.38"
"2013-11-15","CLEAR_DAY","0.61","48.39","39.42","10.87"
"2013-11-16","RAIN","0.86","60.22","43.92","16.11"
"2013-11-17","RAIN","0.82","66.94","43.21","16.23"
"2013-11-18","WIND","0.67","42.89","33.13","15.34"
"2013-11-19","CLEAR_DAY","0.73","39.12","28.68","0.8"
"2013-11-20","RAIN","0.7","42.85","33.26","11.39"
"2013-11-21","CLEAR_DAY","0.84","50.04","41.49","4.39"
"2013-11-22","CLEAR_DAY","0.8","43.19","30.54","10.86"
"2013-11-23","CLEAR_DAY","0.57","29.53","17.5","13.53"
"2013-11-24","CLEAR_DAY","0.52","26.3","14.52","6.68"
"2013-11-25","CLEAR_DAY","0.67","31.47","22.44","12.49"
"2013-11-26","CLEAR_DAY","0.7","34.97","20.74","7.59"
"2013-11-27","CLEAR_DAY","0.59","28.3","15.32","11.44"
"2013-11-28","CLEAR_DAY","0.56","33.28","24.37","6.79"
"2013-11-29","CLEAR_DAY","0.65","33.76","21.97","2.29"
"2013-11-30","CLEAR_DAY","0.61","49.57","31.65","10.74"
"2013-12-01","CLEAR_DAY","0.81","40.03","33.7","4.84"
"2013-12-02","CLEAR_DAY","0.76","39.7","34.02","6.01"
"2013-12-03","FOG","0.92","49.05","36.62","7.78"
"2013-12-04","WIND","0.91","56.43","43.74","7.73"
"2013-12-05","CLEAR_DAY","0.69","42.07","23.16","13.29"
"2013-12-06","CLEAR_DAY","0.63","22.34","15.28","8.71"
"2013-12-07","CLEAR_DAY","0.62","19.5","10.23","5.74"
"2013-12-08","SNOW","0.76","25.62","17.12","6.97"
"2013-12-09","CLEAR_DAY","0.73","25.85","4.79","13.72"
"2013-12-10","CLEAR_DAY","0.66","22.09","2.03","12.66"
"2013-12-11","FOG","0.69","19.71","4.11","8.93"
"2013-12-12","CLEAR_DAY","0.66","19.74","-0.73","10.42"
"2013-12-13","SNOW","0.73","30.56","17.41","3.92"
"2013-12-14","FOG","0.88","29.59","25.8","8.45"
"2013-12-15","CLEAR_DAY","0.72","24.18","12.14","11.65"
"2013-12-16","CLEAR_DAY","0.74","21.41","11.13","2.07"
"2013-12-17","CLEAR_DAY","0.78","32.82","17.36","11.44"
"2013-12-18","CLEAR_DAY","0.65","34.9","17.76","10.31"
"2013-12-19","FOG","0.83","39.36","34.54","2"
"2013-12-20","FOG","0.95","36.52","33.42","7"
"2013-12-21","SNOW","0.94","34.45","31.35","7.22"
"2013-12-22","FOG","0.89","33.52","25.93","7.29"
"2013-12-23","CLEAR_DAY","0.76","25.77","1.32","12.42"
"2013-12-24","CLEAR_DAY","0.71","17.59","-0.02","8.35"
"2013-12-25","CLEAR_DAY","0.8","26.96","18.09","10.46"
"2013-12-26","CLEAR_DAY","0.74","34.46","16.14","8.59"
"2013-12-27","CLEAR_DAY","0.75","42.15","28.06","9.24"
"2013-12-28","CLEAR_DAY","0.68","49.45","35.52","11.75"
"2013-12-29","CLEAR_DAY","0.76","39.12","15.61","7.53"
"2013-12-30","CLEAR_DAY","0.67","14.05","4.72","6.57"
"2013-12-31","SNOW","0.77","14.54","4.67","7.31"
"2014-01-01","WIND","0.83","21.32","16.27","14.62"
"2014-01-02","WIND","0.76","20.8","7.24","13.81"
"2014-01-03","WIND","0.69","19.66","0.4","11.36"
"2014-01-04","SNOW","0.75","31.76","20.39","14.13"
"2014-01-05","SNOW","0.81","29.59","1.15","19.36"
"2014-01-06","CLEAR_DAY","0.62","-0.12","-14.05","17.2"
"2014-01-07","CLEAR_DAY","0.67","4.57","-9.8","10.19"
"2014-01-08","CLEAR_DAY","0.7","14.77","3.56","3.78"
"2014-01-09","FOG","0.81","27.29","5.05","5.88"
"2014-01-10","RAIN","0.94","41.17","28.25","10.38"
"2014-01-11","CLEAR_DAY","0.86","41.36","32.03","10.89"
"2014-01-12","WIND","0.75","43.96","28.93","13.43"
"2014-01-13","CLEAR_DAY","0.72","45.6","30.26","10.28"
"2014-01-14","WIND","0.78","34.76","23.02","12.24"
"2014-01-15","WIND","0.69","22.48","17.31","9.01"
"2014-01-16","WIND","0.74","34.02","19.11","14.34"
"2014-01-17","CLEAR_DAY","0.69","20.86","13.68","11.09"
"2014-01-18","SNOW","0.81","20.36","11.55","5.14"
"2014-01-19","CLEAR_DAY","0.76","38.54","13.06","12.72"
"2014-01-20","WIND","0.77","36.78","20.48","9.74"
"2014-01-21","CLEAR_DAY","0.65","19.06","3.86","11.68"
"2014-01-22","CLEAR_DAY","0.7","14.7","2.67","7.78"
"2014-01-23","CLEAR_DAY","0.6","11.06","-1.01","14.02"
"2014-01-24","WIND","0.66","25.66","-4.14","17.86"
"2014-01-25","WIND","0.58","31.6","8.44","14.72"
"2014-01-26","SNOW","0.71","31.41","7.73","10.49"
"2014-01-27","CLEAR_DAY","0.59","7.56","-5.4","16.06"
"2014-01-28","CLEAR_DAY","0.63","3.96","-10.12","10.04"
"2014-01-29","WIND","0.56","22.32","2.28","11.1"
"2014-01-30","WIND","0.65","32.78","20.71","18.17"
"2014-01-31","CLEAR_DAY","0.71","29.84","19.69","3.02"
"2014-02-01","SNOW","0.89","29.9","23.32","6.69"
"2014-02-02","CLEAR_DAY","0.69","24.01","11.31","6.68"
"2014-02-03","SNOW","0.66","22.24","5.4","3.39"
"2014-02-04","WIND","0.73","23.88","12.23","5.58"
"2014-02-05","WIND","0.79","24.31","13.9","14.54"
"2014-02-06","PARTLY_CLOUDY_NIGHT","0.7","12.59","0.73","10.49"
"2014-02-07","CLEAR_DAY","0.66","11.94","-0.68","9.56"
"2014-02-08","FOG","0.76","16.24","7.38","5.15"
"2014-02-09","CLEAR_DAY","0.74","19.35","9.22","8.16"
"2014-02-10","CLEAR_DAY","0.62","13.27","-0.29","7.68"
"2014-02-11","CLEAR_DAY","0.65","14.66","-0.42","4.18"
"2014-02-12","CLEAR_DAY","0.67","23.32","2.98","6.28"
"2014-02-13","WIND","0.64","30.87","15.48","8.55"
"2014-02-14","CLEAR_DAY","0.69","21.98","13.93","9.36"
"2014-02-15","SNOW","0.69","23.97","9.09","4.74"
"2014-02-16","CLEAR_DAY","0.73","24.92","17.38","5.28"
"2014-02-17","SNOW","0.8","28.33","22.18","8.85"
"2014-02-18","CLEAR_DAY","0.69","44.83","24.18","9.73"
"2014-02-19","CLEAR_DAY","0.7","44.64","33.78","6.59"
"2014-02-20","RAIN","0.88","48.05","34.03","5.35"
"2014-02-21","WIND","0.64","37.6","28.14","19.7"
"2014-02-22","CLEAR_DAY","0.52","34.41","23.82","11.55"
"2014-02-23","CLEAR_DAY","0.54","27.93","17.65","10.79"
"2014-02-24","CLEAR_DAY","0.58","24.5","13.66","12.23"
"2014-02-25","CLEAR_DAY","0.59","22.02","8.65","11.65"
"2014-02-26","WIND","0.55","18.51","2.17","12.33"
"2014-02-27","WIND","0.45","18.74","5.43","10.82"
"2014-02-28","CLEAR_DAY","0.56","30.64","6.19","10.5"
"2014-03-01","SNOW","0.74","31.11","12.59","9.84"
"2014-03-02","CLEAR_DAY","0.65","12.47","5.73","12.32"
"2014-03-03","CLEAR_DAY","0.6","15.13","4.36","3.57"
"2014-03-04","CLEAR_DAY","0.58","27.06","12.86","3.2"
"2014-03-05","FOG","0.74","22.07","19.19","11.63"
"2014-03-06","CLEAR_DAY","0.64","26.41","14.98","5.76"
"2014-03-07","CLEAR_DAY","0.66","45.62","20.78","6.97"
"2014-03-08","CLEAR_DAY","0.79","37.7","22.56","11.4"
"2014-03-09","CLEAR_DAY","0.74","40.84","21.96","10.53"
"2014-03-10","CLEAR_DAY","0.64","53.27","40.88","13.3"
"2014-03-11","SNOW","0.77","46.37","34.72","5.67"
"2014-03-12","WIND","0.75","33.13","19.45","19.68"
"2014-03-13","CLEAR_DAY","0.76","37.78","16.08","9.06"
"2014-03-14","WIND","0.63","52.39","38.8","13.64"
"2014-03-15","WIND","0.7","39.18","28.04","6.53"
"2014-03-16","WIND","0.61","28.87","18.87","20.94"
"2014-03-17","CLEAR_DAY","0.57","34.7","19.44","8.36"
"2014-03-18","CLEAR_DAY","0.68","44.63","30.27","8.92"
"2014-03-19","RAIN","0.83","44.86","35.32","8.21"
"2014-03-20","CLEAR_DAY","0.69","41.99","31.87","3.91"
"2014-03-21","CLEAR_DAY","0.7","56.04","32.72","4.46"
"2014-03-22","CLEAR_DAY","0.65","44.36","30","9.39"
"2014-03-23","CLEAR_DAY","0.59","29.08","22.25","8.55"
"2014-03-24","CLEAR_DAY","0.55","32.86","21.05","2.11"
"2014-03-25","CLEAR_DAY","0.55","30.32","23.87","10.94"
"2014-03-26","WIND","0.47","38.15","19.34","6.95"
"2014-03-27","WIND","0.73","52.13","34.89","18.48"
"2014-03-28","CLEAR_DAY","0.81","53.91","33.94","2.27"
"2014-03-29","CLEAR_DAY","0.75","36.06","32.29","11.46"
"2014-03-30","CLEAR_DAY","0.59","53.4","28.93","2.87"
"2014-03-31","WIND","0.44","64","44.14","15.25"
"2014-04-01","WIND","0.54","56.56","34.26","15.19"
"2014-04-02","CLEAR_DAY","0.68","44.13","34.48","9.73"
"2014-04-03","RAIN","0.9","39.98","35.38","12.9"
"2014-04-04","WIND","0.81","45.35","37.25","9.45"
"2014-04-05","CLEAR_DAY","0.54","42.21","34.24","0.89"
"2014-04-06","CLEAR_DAY","0.51","49.54","36.71","5.89"
"2014-04-07","CLEAR_DAY","0.62","46.57","37.03","6.08"
"2014-04-08","CLEAR_DAY","0.69","48.3","42.28","2.73"
"2014-04-09","WIND","0.55","60.55","37.78","3.75"
"2014-04-10","WIND","0.48","62.97","46.13","9.86"
"2014-04-11","CLEAR_DAY","0.41","67.28","42.34","2.34"
"2014-04-12","WIND","0.46","76.73","47.26","12.84"
"2014-04-13","RAIN","0.78","68.46","44.53","5.55"
"2014-04-14","RAIN","0.85","64.39","31.63","8.72"
"2014-04-15","CLEAR_DAY","0.62","33.54","27.3","5.47"
"2014-04-16","WIND","0.51","49.37","31.01","14.04"
"2014-04-17","WIND","0.49","59.9","41.89","9.07"
"2014-04-18","CLEAR_DAY","0.7","46.93","37.5","8.98"
"2014-04-19","CLEAR_DAY","0.6","54.7","37.94","6.85"
"2014-04-20","CLEAR_DAY","0.38","70.19","45.8","7.59"
"2014-04-21","RAIN","0.59","74.22","59.94","7.5"
"2014-04-22","WIND","0.63","59.83","40.48","9.21"
"2014-04-23","CLEAR_DAY","0.6","44.04","36.17","10.53"
"2014-04-24","CLEAR_DAY","0.51","58.18","40.16","9.4"
"2014-04-25","CLEAR_DAY","0.56","67.79","45.91","7.43"
"2014-04-26","CLEAR_DAY","0.63","60.99","38.66","11.82"
"2014-04-27","WIND","0.61","53.88","41","15.03"
"2014-04-28","RAIN","0.75","52.6","45.85","13.95"
"2014-04-29","RAIN","0.8","61.07","48.36","3.15"
"2014-04-30","PARTLY_CLOUDY_NIGHT","0.79","52.18","45.73","8.52"
"2014-05-01","CLEAR_DAY","0.82","48.56","43.54","11.35"
"2014-05-02","WIND","0.78","52.2","46.72","9.47"
"2014-05-03","WIND","0.54","65.17","48.35","11.09"
"2014-05-04","PARTLY_CLOUDY_DAY","0.47","59.93","45.88","4.38"
"2014-05-05","WIND","0.62","49.88","42.88","12.89"
"2014-05-06","PARTLY_CLOUDY_NIGHT","0.58","55.61","43.96","11.51"
"2014-05-07","PARTLY_CLOUDY_DAY","0.55","67.9","49.87","5.95"
"2014-05-08","RAIN","0.53","87.46","56.78","13.36"
"2014-05-09","RAIN","0.71","74.29","58.69","12"
"2014-05-10","CLEAR_DAY","0.52","71.58","53.11","2.34"
"2014-05-11","RAIN","0.59","81.92","57.69","6.86"
"2014-05-12","RAIN","0.77","82.18","61.11","11.04"
"2014-05-13","PARTLY_CLOUDY_DAY","0.84","67.77","54.7","7.91"
"2014-05-14","RAIN","0.68","54.24","45.31","10.32"
"2014-05-15","WIND","0.78","49","41.2","12.44"
"2014-05-16","CLEAR_DAY","0.8","43.45","38.96","7.53"
"2014-05-17","PARTLY_CLOUDY_DAY","0.6","57.56","41.96","4.9"
"2014-05-18","PARTLY_CLOUDY_DAY","0.49","67.28","48.48","8.67"
"2014-05-19","PARTLY_CLOUDY_NIGHT","0.48","67.61","52.26","10.69"
"2014-05-20","RAIN","0.61","83.28","60.35","10.01"
"2014-05-21","PARTLY_CLOUDY_NIGHT","0.67","75.35","59.47","0.98"
"2014-05-22","CLEAR_DAY","0.67","64.04","54.16","5.53"
"2014-05-23","CLEAR_DAY","0.69","58.21","51.21","5.33"
"2014-05-24","CLEAR_DAY","0.64","62.54","50.95","4.35"
"2014-05-25","CLEAR_DAY","0.58","72.91","53.02","2.27"
"2014-05-26","PARTLY_CLOUDY_DAY","0.65","79.8","65.41","4.65"
"2014-05-27","RAIN","0.77","82.41","58.25","4.77"
"2014-05-28","PARTLY_CLOUDY_DAY","0.79","60.36","53.74","8.81"
"2014-05-29","PARTLY_CLOUDY_DAY","0.76","63.25","53.39","8.55"
"2014-05-30","CLEAR_DAY","0.67","67.25","54.14","5.89"
"2014-05-31","CLEAR_DAY","0.59","75.38","56.45","3.38"
"2014-06-01","PARTLY_CLOUDY_DAY","0.55","85.84","64.89","10.29"
"2014-06-02","RAIN","0.68","81.48","71.42","13"
"2014-06-03","CLEAR_DAY","0.53","75.58","65.61","4.07"
"2014-06-04","CLEAR_DAY","0.78","66.31","56","6.37"
"2014-06-05","CLEAR_DAY","0.62","65.92","54.4","5.42"
"2014-06-06","CLEAR_DAY","0.52","71.01","55.29","2.91"
"2014-06-07","RAIN","0.53","75.64","60.71","3.73"
"2014-06-08","WIND","0.71","65.04","53.61","15.52"
"2014-06-09","PARTLY_CLOUDY_DAY","0.68","65.07","53.64","7.57"
"2014-06-10","RAIN","0.81","60.12","56.21","9.09"
"2014-06-11","RAIN","0.9","62.31","57.72","5.11"
"2014-06-12","CLEAR_DAY","0.74","78.18","57.83","6.19"
"2014-06-13","CLEAR_DAY","0.54","65.63","57.24","3.37"
"2014-06-14","CLEAR_DAY","0.49","71.83","57.58","5.5"
"2014-06-15","WIND","0.55","82.48","62.95","13.13"
"2014-06-16","CLEAR_DAY","0.64","79.09","68.77","4.53"
"2014-06-17","WIND","0.64","84.39","73.44","8.98"
"2014-06-18","RAIN","0.79","80.1","59.65","2.71"
"2014-06-19","RAIN","0.88","70.02","58.37","5.42"
"2014-06-20","FOG","0.82","81.41","62.22","1.69"
"2014-06-21","RAIN","0.86","73.09","59.71","1.79"
"2014-06-22","FOG","0.86","66.93","61.95","4.27"
"2014-06-23","PARTLY_CLOUDY_DAY","0.85","74.67","63.3","0.99"
"2014-06-24","RAIN","0.83","75.67","68.13","0.31"
"2014-06-25","FOG","0.89","67.86","59.39","7.02"
"2014-06-26","FOG","0.87","66.1","58","5.56"
"2014-06-27","FOG","0.72","81.21","59.64","4.17"
"2014-06-28","RAIN","0.75","82.26","70.67","9.64"
"2014-06-29","WIND","0.76","84.35","70.84","11.64"
"2014-06-30","RAIN","0.82","84.47","65.63","9.2"
"2014-07-01","WIND","0.72","79.68","65.14","10.07"
"2014-07-02","PARTLY_CLOUDY_DAY","0.76","72.84","56.11","5.75"
"2014-07-03","CLEAR_DAY","0.66","67.94","57.34","2.16"
"2014-07-04","CLEAR_DAY","0.59","70.49","61.15","2.11"
"2014-07-05","PARTLY_CLOUDY_DAY","0.6","76.36","61.84","7.8"
"2014-07-06","RAIN","0.71","84.45","64.9","10.58"
"2014-07-07","PARTLY_CLOUDY_DAY","0.71","80.54","72.13","4.78"
"2014-07-08","RAIN","0.64","79.79","68.08","9.33"
"2014-07-09","PARTLY_CLOUDY_DAY","0.67","71.44","64.37","3.08"
"2014-07-10","PARTLY_CLOUDY_DAY","0.67","71.58","61.09","4.81"
"2014-07-11","PARTLY_CLOUDY_DAY","0.59","75.65","62.2","4.34"
"2014-07-12","RAIN","0.79","78.44","70.79","8.39"
"2014-07-13","PARTLY_CLOUDY_NIGHT","0.72","84.67","70.1","7.89"
"2014-07-14","RAIN","0.65","73.45","65.38","3.19"
"2014-07-15","PARTLY_CLOUDY_DAY","0.69","67.3","56.6","9.43"
"2014-07-16","PARTLY_CLOUDY_DAY","0.68","67.05","57.73","3.83"
"2014-07-17","PARTLY_CLOUDY_DAY","0.63","71.66","59.11","3.29"
"2014-07-18","PARTLY_CLOUDY_DAY","0.62","73.73","63.5","5.57"
"2014-07-19","PARTLY_CLOUDY_DAY","0.66","74.25","63.33","2.44"
"2014-07-20","PARTLY_CLOUDY_DAY","0.68","75.7","65.08","3.09"
"2014-07-21","CLEAR_DAY","0.68","81.08","67.87","6.21"
"2014-07-22","WIND","0.71","87.16","71.47","11.87"
"2014-07-23","WIND","0.69","75.09","62.21","16.99"
"2014-07-24","CLEAR_DAY","0.65","69.08","60.34","7.23"
"2014-07-25","WIND","0.67","73.3","59.91","9.94"
"2014-07-26","PARTLY_CLOUDY_NIGHT","0.74","76.15","68.77","4.24"
"2014-07-27","WIND","0.69","84.11","64.66","9.61"
"2014-07-28","WIND","0.62","65.15","60.57","13.77"
"2014-07-29","PARTLY_CLOUDY_DAY","0.66","71.65","60.46","1.85"
"2014-07-30","PARTLY_CLOUDY_DAY","0.73","69.87","61.99","2.14"
"2014-07-31","CLEAR_DAY","0.66","81.45","63.15","7.38"
"2014-08-01","PARTLY_CLOUDY_DAY","0.7","77.16","67.34","3.48"
"2014-08-02","CLEAR_DAY","0.65","74.42","64.01","1.78"
"2014-08-03","PARTLY_CLOUDY_DAY","0.66","80.1","66.55","3.2"
"2014-08-04","RAIN","0.74","78.16","68.56","1.73"
"2014-08-05","PARTLY_CLOUDY_DAY","0.83","73.66","67.28","2.95"
"2014-08-06","CLEAR_DAY","0.7","72.93","65.36","6.7"
"2014-08-07","CLEAR_DAY","0.68","75.08","64.97","7.28"
"2014-08-08","PARTLY_CLOUDY_DAY","0.66","76.16","68.77","9.76"
"2014-08-09","CLEAR_DAY","0.65","74.13","67.84","9.1"
"2014-08-10","RAIN","0.7","74.22","69.37","7.19"
"2014-08-11","RAIN","0.81","74.63","67.95","4.9"
"2014-08-12","RAIN","0.8","69.78","62.1","9.43"
"2014-08-13","PARTLY_CLOUDY_DAY","0.7","76.97","60.48","3.94"
"2014-08-14","PARTLY_CLOUDY_NIGHT","0.63","67.21","62.43","8.43"
"2014-08-15","CLEAR_DAY","0.6","75.02","56.46","5.08"
"2014-08-16","PARTLY_CLOUDY_DAY","0.74","79.48","64.4","7.59"
"2014-08-17","PARTLY_CLOUDY_DAY","0.88","71.59","64.72","7.98"
"2014-08-18","PARTLY_CLOUDY_DAY","0.8","78.72","65.37","1"
"2014-08-19","RAIN","0.76","83.83","72.43","9.46"
"2014-08-20","CLEAR_DAY","0.71","84.7","68.73","7.04"
"2014-08-21","RAIN","0.89","76.95","71.21","4.63"
"2014-08-22","RAIN","0.84","82.99","72.47","2.61"
"2014-08-23","RAIN","0.89","77.3","70.43","2.23"
"2014-08-24","PARTLY_CLOUDY_DAY","0.82","80.26","70.78","5.99"
"2014-08-25","RAIN","0.83","81.37","73.55","4.91"
"2014-08-26","PARTLY_CLOUDY_DAY","0.8","78.12","70.74","0.57"
"2014-08-27","CLEAR_DAY","0.74","74.63","68.8","7.12"
"2014-08-28","PARTLY_CLOUDY_NIGHT","0.7","72","66.85","8.41"
"2014-08-29","PARTLY_CLOUDY_NIGHT","0.76","81.98","71.15","10.81"
"2014-08-30","RAIN","0.75","82.75","73.96","11.19"
"2014-08-31","PARTLY_CLOUDY_DAY","0.76","83.82","70.29","6.56"
"2014-09-01","WIND","0.77","82.25","73.15","11.77"
"2014-09-02","PARTLY_CLOUDY_DAY","0.72","77.2","69.82","1.58"
"2014-09-03","PARTLY_CLOUDY_DAY","0.67","81.23","67.33","4.09"
"2014-09-04","WIND","0.75","83.81","71.32","11.02"
"2014-09-05","RAIN","0.79","85.55","65.94","7.48"
"2014-09-06","CLEAR_DAY","0.66","69.95","61.84","6.61"
"2014-09-07","PARTLY_CLOUDY_DAY","0.65","73.9","60.33","0.64"
"2014-09-08","PARTLY_CLOUDY_DAY","0.64","73.73","61.75","5.68"
"2014-09-09","PARTLY_CLOUDY_DAY","0.7","77.55","65.69","8.06"
"2014-09-10","RAIN","0.82","79.48","59.5","8.68"
"2014-09-11","CLEAR_DAY","0.75","57.73","50.81","11.01"
"2014-09-12","PARTLY_CLOUDY_DAY","0.81","55.63","46.34","9.74"
"2014-09-13","PARTLY_CLOUDY_DAY","0.75","54.94","42.69","5.46"
"2014-09-14","PARTLY_CLOUDY_DAY","0.69","65.05","48.87","5.23"
"2014-09-15","PARTLY_CLOUDY_DAY","0.81","60.12","54.69","3.12"
"2014-09-16","CLEAR_DAY","0.71","62.91","49.15","2.27"
"2014-09-17","PARTLY_CLOUDY_DAY","0.69","65.91","51.19","2.73"
"2014-09-18","PARTLY_CLOUDY_DAY","0.78","65.11","54.54","5.54"
"2014-09-19","CLEAR_DAY","0.63","73.1","56.65","10.42"
"2014-09-20","RAIN","0.75","76.35","63.23","11.03"
"2014-09-21","WIND","0.74","70.29","55.82","10.83"
"2014-09-22","CLEAR_DAY","0.67","61.86","49.69","3.05"
"2014-09-23","CLEAR_DAY","0.65","69.35","51.91","3.51"
"2014-09-24","CLEAR_DAY","0.67","69.66","55.78","4.33"
"2014-09-25","CLEAR_DAY","0.72","70.3","59.42","2.24"
"2014-09-26","CLEAR_DAY","0.72","70.48","58.32","2.87"
"2014-09-27","CLEAR_DAY","0.76","70.37","59.77","3.01"
"2014-09-28","CLEAR_DAY","0.78","70.4","58.24","3.12"
"2014-09-29","WIND","0.74","80.36","57.25","3.02"
"2014-09-30","WIND","0.8","56.35","52.19","11.3"
"2014-10-01","CLEAR_DAY","0.69","67.15","53.74","9.45"
"2014-10-02","RAIN","0.81","71.89","63.4","7.21"
"2014-10-03","RAIN","0.79","65.66","46.74","11.44"
"2014-10-04","PARTLY_CLOUDY_DAY","0.69","47.71","37.8","13.04"
"2014-10-05","PARTLY_CLOUDY_DAY","0.63","53.89","42.23","8.96"
"2014-10-06","PARTLY_CLOUDY_DAY","0.64","60.04","48.61","8.11"
"2014-10-07","PARTLY_CLOUDY_DAY","0.64","66.26","49.84","8.44"
"2014-10-08","CLEAR_DAY","0.53","65.03","48.65","9.34"
"2014-10-09","CLEAR_DAY","0.53","57.33","51","4.4"
"2014-10-10","CLEAR_DAY","0.69","55.69","45.84","5.97"
"2014-10-11","CLEAR_DAY","0.63","56.72","45.61","5.72"
"2014-10-12","CLEAR_DAY","0.68","62.25","45.66","9.84"
"2014-10-13","RAIN","0.92","67.06","56.95","6.67"
"2014-10-14","RAIN","0.91","65.98","54.82","5.22"
"2014-10-15","CLEAR_DAY","0.94","55.89","52.08","10.56"
"2014-10-16","PARTLY_CLOUDY_NIGHT","0.9","56.76","51.99","3.91"
"2014-10-17","PARTLY_CLOUDY_NIGHT","0.78","60.94","51.9","9.38"
"2014-10-18","CLEAR_DAY","0.74","50.62","43.94","10.08"
"2014-10-19","CLEAR_DAY","0.75","54.9","39.11","8.11"
"2014-10-20","PARTLY_CLOUDY_NIGHT","0.73","59.89","50.06","4.84"
"2014-10-21","PARTLY_CLOUDY_DAY","0.71","52.59","48.48","13.44"
"2014-10-22","CLEAR_DAY","0.72","50.78","44.09","4.86"
"2014-10-23","PARTLY_CLOUDY_NIGHT","0.72","59.39","41.63","8.65"
"2014-10-24","PARTLY_CLOUDY_NIGHT","0.66","65.17","53.48","4.21"
"2014-10-25","CLEAR_DAY","0.55","72.01","56.68","9.7"
"2014-10-26","CLEAR_DAY","0.48","57.33","47.29","1.88"
"2014-10-27","WIND","0.58","75.98","53.82","13.25"
"2014-10-28","PARTLY_CLOUDY_NIGHT","0.58","67.29","49.89","13.93"
"2014-10-29","PARTLY_CLOUDY_NIGHT","0.6","48.73","44.22","9.55"
"2014-10-30","PARTLY_CLOUDY_DAY","0.7","50.96","38.8","5.82"
"2014-10-31","WIND","0.67","47.53","37.44","24.05"
"2014-11-01","WIND","0.63","41.48","37","15.72"
"2014-11-02","CLEAR_DAY","0.6","51.09","31.78","9.1"
"2014-11-03","WIND","0.45","62.08","44.76","14.57"
"2014-11-04","PARTLY_CLOUDY_DAY","0.69","59.79","45.57","12.14"
"2014-11-05","PARTLY_CLOUDY_NIGHT","0.63","60.72","40.23","8.01"
"2014-11-06","WIND","0.67","51.5","39.91","13.32"
"2014-11-07","PARTLY_CLOUDY_DAY","0.59","43.35","36.1","5.84"
"2014-11-08","PARTLY_CLOUDY_DAY","0.6","46.61","39.79","8.28"
"2014-11-09","PARTLY_CLOUDY_NIGHT","0.59","51.47","36.39","9.49"
"2014-11-10","PARTLY_CLOUDY_NIGHT","0.62","61.99","44.6","10.96"
"2014-11-11","RAIN","0.73","59.12","33.1","10.21"
"2014-11-12","PARTLY_CLOUDY_NIGHT","0.59","32.5","27.4","11.22"
"2014-11-13","PARTLY_CLOUDY_DAY","0.63","28.83","25.41","10.84"
"2014-11-14","PARTLY_CLOUDY_DAY","0.6","28.37","25.32","6.64"
"2014-11-15","CLEAR_DAY","0.64","30.87","21.4","5.19"
"2014-11-16","PARTLY_CLOUDY_NIGHT","0.78","31.79","26.26","7.66"
"2014-11-17","PARTLY_CLOUDY_NIGHT","0.65","24.5","13.1","14.81"
"2014-11-18","WIND","0.63","19.31","11.27","15.49"
"2014-11-19","CLEAR_DAY","0.6","31.13","17.88","10.52"
"2014-11-20","CLEAR_DAY","0.54","27.69","18.76","13.41"
"2014-11-21","CLEAR_DAY","0.48","33.54","14.61","6.75"
"2014-11-22","CLEAR_DAY","0.82","52.39","33.95","13.08"
"2014-11-23","RAIN","0.87","52.35","46.68","9.43"
"2014-11-24","RAIN","0.9","49.93","26.79","15.09"
"2014-11-25","PARTLY_CLOUDY_DAY","0.76","27.12","22.08","9.64"
"2014-11-26","PARTLY_CLOUDY_DAY","0.78","30.47","21.56","2.8"
"2014-11-27","PARTLY_CLOUDY_DAY","0.72","28.68","18.96","9.19"
"2014-11-28","PARTLY_CLOUDY_NIGHT","0.71","34.61","19.25","9.74"
"2014-11-29","PARTLY_CLOUDY_NIGHT","0.8","51.13","32.35","14.13"
"2014-11-30","PARTLY_CLOUDY_DAY","0.88","52.38","29.66","5.79"
"2014-12-01","CLEAR_DAY","0.56","27.55","19.31","10.66"
"2014-12-02","PARTLY_CLOUDY_NIGHT","0.75","32.32","23.33","8.14"
"2014-12-03","CLEAR_DAY","0.65","37.62","27.03","9.16"
"2014-12-04","CLEAR_DAY","0.61","34.18","26.85","3.91"
"2014-12-05","PARTLY_CLOUDY_DAY","0.84","37.57","33.37","3.02"
"2014-12-06","PARTLY_CLOUDY_DAY","0.77","38.78","34.32","12.73"
"2014-12-07","CLEAR_DAY","0.66","35.76","30.75","10.11"
"2014-12-08","FOG","0.88","37.83","33.73","7.33"
"2014-12-09","CLEAR_DAY","0.88","37.23","32.8","12.85"
"2014-12-10","CLEAR_DAY","0.79","33.76","31.29","10.03"
"2014-12-11","PARTLY_CLOUDY_DAY","0.77","32.56","25.45","7.45"
"2014-12-12","FOG","0.9","37.27","24.89","8.48"
"2014-12-13","CLEAR_DAY","0.87","47.85","36.09","7.29"
"2014-12-14","FOG","0.91","51.32","45.77","8.54"
"2014-12-15","FOG","0.95","45.79","40.47","9.71"
"2014-12-16","FOG","0.9","45.06","32.32","8.79"
"2014-12-17","CLEAR_DAY","0.71","30.82","25.55","9.86"
"2014-12-18","PARTLY_CLOUDY_DAY","0.7","28.95","23.52","4.09"
"2014-12-19","CLEAR_DAY","0.73","32.59","28.36","2.84"
"2014-12-20","CLEAR_DAY","0.76","33.16","30.52","5.89"
"2014-12-21","PARTLY_CLOUDY_NIGHT","0.77","36.74","32.83","10.11"
"2014-12-22","RAIN","0.87","40.06","30.95","10.12"
"2014-12-23","PARTLY_CLOUDY_NIGHT","0.82","48.52","40.2","8.66"
"2014-12-24","CLEAR_DAY","0.86","42.09","36.87","5.88"
"2014-12-25","PARTLY_CLOUDY_DAY","0.77","41.98","34.66","10.47"
"2014-12-26","PARTLY_CLOUDY_NIGHT","0.77","49.55","37.37","10.85"
"2014-12-27","PARTLY_CLOUDY_NIGHT","0.82","47.67","33.21","11.1"
"2014-12-28","CLEAR_DAY","0.67","34.59","25.36","6.67"
"2014-12-29","PARTLY_CLOUDY_DAY","0.69","30.97","26.1","8.74"
"2014-12-30","CLEAR_DAY","0.54","24.72","13.64","9.97"
"2014-12-31","CLEAR_DAY","0.51","20.68","6.26","12.51"
"2015-01-01","PARTLY_CLOUDY_NIGHT","0.56","30.48","16.53","14.36"
"2015-01-02","CLEAR_DAY","0.69","32.45","22.33","3.12"
"2015-01-03","SNOW","0.92","34.78","30.86","2.04"
"2015-01-04","FOG","0.82","34.49","6.44","13.55"
"2015-01-05","SNOW","0.67","7.97","-1.22","10.15"
"2015-01-06","WIND","0.73","11.28","4.76","12.21"
"2015-01-07","WIND","0.55","8.02","-3.03","16.69"
"2015-01-08","SNOW","0.73","17.87","-6.52","15.54"
"2015-01-09","PARTLY_CLOUDY_DAY","0.63","13.89","3.04","16.87"
"2015-01-10","CLEAR_DAY","0.66","24.2","0.83","12.14"
"2015-01-11","PARTLY_CLOUDY_NIGHT","0.71","32.77","24.45","10.2"
"2015-01-12","WIND","0.74","29.03","19.79","15.41"
"2015-01-13","PARTLY_CLOUDY_NIGHT","0.71","20.97","11.92","7.54"
"2015-01-14","PARTLY_CLOUDY_NIGHT","0.77","20.07","7.33","8.03"
"2015-01-15","PARTLY_CLOUDY_DAY","0.74","34.4","17.22","10.23"
"2015-01-16","PARTLY_CLOUDY_DAY","0.8","32.79","25.75","2.38"
"2015-01-17","WIND","0.74","42.33","29.17","15.24"
"2015-01-18","PARTLY_CLOUDY_DAY","0.76","40.44","32.99","10.71"
"2015-01-19","PARTLY_CLOUDY_NIGHT","0.84","37.62","28.53","0.98"
"2015-01-20","PARTLY_CLOUDY_DAY","0.89","36.5","32.07","4.02"
"2015-01-21","PARTLY_CLOUDY_NIGHT","0.86","32.63","30.5","9.47"
"2015-01-22","CLEAR_DAY","0.74","32.62","29.66","5.95"
"2015-01-23","PARTLY_CLOUDY_NIGHT","0.77","32.28","29.81","10.86"
"2015-01-24","PARTLY_CLOUDY_DAY","0.79","41.74","30.93","8.4"
"2015-01-25","WIND","0.85","34.15","24.86","17.33"
"2015-01-26","PARTLY_CLOUDY_DAY","0.79","27.09","20.99","2.75"
"2015-01-27","PARTLY_CLOUDY_DAY","0.75","29.76","25.77","6.91"
"2015-01-28","PARTLY_CLOUDY_NIGHT","0.67","34.37","22.82","11.61"
"2015-01-29","WIND","0.69","36.69","32.49","9.19"
"2015-01-30","CLEAR_DAY","0.56","30.22","23","6.99"
"2015-01-31","SNOW","0.75","36.75","23.44","4.9"
"2015-02-01","SNOW","0.93","31.68","20.93","21.41"
"2015-02-02","PARTLY_CLOUDY_NIGHT","0.76","20.39","10.01","10.68"
"2015-02-03","CLEAR_DAY","0.82","27.57","9.3","6.24"
"2015-02-04","FOG","0.77","27.73","13.1","10.1"
"2015-02-05","PARTLY_CLOUDY_NIGHT","0.61","16.94","5.48","9.31"
"2015-02-06","PARTLY_CLOUDY_DAY","0.7","31.2","14.84","9.3"
"2015-02-07","CLEAR_DAY","0.81","42.2","27.11","9.73"
"2015-02-08","WIND","0.91","41.46","29.42","10.22"
"2015-02-09","PARTLY_CLOUDY_NIGHT","0.81","28.62","25.91","17.06"
"2015-02-10","PARTLY_CLOUDY_NIGHT","0.68","28.82","25.24","5.29"
"2015-02-11","PARTLY_CLOUDY_NIGHT","0.73","35.93","21.46","10.53"
"2015-02-12","WIND","0.56","20.41","11.3","14.43"
"2015-02-13","PARTLY_CLOUDY_DAY","0.68","27.86","8.52","10.39"
"2015-02-14","WIND","0.55","28.45","4.77","18.77"
"2015-02-15","PARTLY_CLOUDY_DAY","0.61","13.03","0.45","2.27"
"2015-02-16","CLEAR_DAY","0.49","15.96","7.78","4.59"
"2015-02-17","PARTLY_CLOUDY_NIGHT","0.65","20.02","11.71","9.6"
"2015-02-18","PARTLY_CLOUDY_DAY","0.58","10.62","-0.13","14.87"
"2015-02-19","CLEAR_DAY","0.48","5.7","-5.21","11.71"
"2015-02-20","CLEAR_DAY","0.62","18.9","0.01","13.7"
"2015-02-21","PARTLY_CLOUDY_NIGHT","0.72","28.5","18.1","1.48"
"2015-02-22","CLEAR_DAY","0.57","28.77","7.04","12.37"
"2015-02-23","CLEAR_DAY","0.48","14.45","-0.3","7.59"
"2015-02-24","PARTLY_CLOUDY_DAY","0.6","29.68","6.69","13.73"
"2015-02-25","WIND","0.63","25.45","17.41","8.76"
"2015-02-26","WIND","0.68","20.37","8.78","14.45"
"2015-02-27","CLEAR_DAY","0.56","16.87","3.82","7.27"
"2015-02-28","PARTLY_CLOUDY_NIGHT","0.65","20.8","2.28","5.85"
"2015-03-01","PARTLY_CLOUDY_NIGHT","0.79","26.43","18.09","5.87"
"2015-03-02","PARTLY_CLOUDY_NIGHT","0.63","27.87","16.61","2.39"
"2015-03-03","WIND","0.8","35.46","26.03","7.7"
"2015-03-04","CLEAR_DAY","0.58","31.95","15.03","12.36"
"2015-03-05","CLEAR_DAY","0.49","17.96","9.72","8.9"
"2015-03-06","PARTLY_CLOUDY_NIGHT","0.65","26.09","6.39","14.4"
"2015-03-07","PARTLY_CLOUDY_DAY","0.68","46.02","25.24","10.05"
"2015-03-08","PARTLY_CLOUDY_DAY","0.71","41.02","32.24","7.07"
"2015-03-09","FOG","0.68","46.86","32.48","5.39"
"2015-03-10","FOG","0.88","51.7","36.39","7.53"
"2015-03-11","CLEAR_DAY","0.74","43.01","35.91","4.95"
"2015-03-12","CLEAR_DAY","0.61","46.55","32.1","6.38"
"2015-03-13","CLEAR_DAY","0.56","54.65","37.37","6.34"
"2015-03-14","CLEAR_DAY","0.66","49.1","37.45","4.38"
"2015-03-15","CLEAR_DAY","0.62","61.01","34.51","9.46"
"2015-03-16","WIND","0.47","72.72","46.68","10.01"
"2015-03-17","WIND","0.52","43.78","33.14","15.44"
"2015-03-18","PARTLY_CLOUDY_NIGHT","0.43","44.02","32.14","1.65"
"2015-03-19","PARTLY_CLOUDY_DAY","0.45","41.46","37.69","7.09"
"2015-03-20","PARTLY_CLOUDY_DAY","0.73","48.25","38.79","8.49"
"2015-03-21","PARTLY_CLOUDY_DAY","0.75","44.82","33.17","3.69"
"2015-03-22","PARTLY_CLOUDY_DAY","0.62","33.32","30.09","14.02"
"2015-03-23","SNOW","0.81","32.15","28.8","14.1"
"2015-03-24","WIND","0.64","36.98","26.74","13.44"
"2015-03-25","PARTLY_CLOUDY_NIGHT","0.84","41.93","37.25","8.33"
"2015-03-26","WIND","0.62","40.23","33.27","8.08"
"2015-03-27","WIND","0.59","32.8","24.73","18.04"
"2015-03-28","CLEAR_DAY","0.5","30.46","23.39","7.18"
"2015-03-29","WIND","0.6","48.22","28.09","14.76"
"2015-03-30","PARTLY_CLOUDY_DAY","0.53","59.49","38.13","6.4"
"2015-03-31","PARTLY_CLOUDY_DAY","0.63","54.95","38.33","2.47"
"2015-04-01","WIND","0.5","71.77","40.73","10.31"
"2015-04-02","WIND","0.64","60.65","51.83","8.21"
"2015-04-03","PARTLY_CLOUDY_DAY","0.58","54.34","33.79","11.46"
"2015-04-04","PARTLY_CLOUDY_DAY","0.48","57.53","32.23","10.19"
"2015-04-05","PARTLY_CLOUDY_NIGHT","0.35","65.1","43.18","8.75"
"2015-04-06","PARTLY_CLOUDY_NIGHT","0.61","56.1","39.14","2.7"
"2015-04-07","CLEAR_DAY","0.9","44.01","37.96","11.91"
"2015-04-08","FOG","0.91","45.17","39.9","7.85"
"2015-04-09","RAIN","0.87","71.23","41.96","6.41"
"2015-04-10","WIND","0.63","60.45","41.85","16.71"
"2015-04-11","CLEAR_DAY","0.53","61.11","40.58","6.78"
"2015-04-12","PARTLY_CLOUDY_NIGHT","0.42","67.24","47.09","10.81"
"2015-04-13","RAIN","0.48","65.03","56.52","9.33"
"2015-04-14","CLEAR_DAY","0.35","56.53","45.94","4.3"
"2015-04-15","PARTLY_CLOUDY_NIGHT","0.44","54.97","43.29","8.41"
"2015-04-16","CLEAR_DAY","0.67","54.15","43.1","4.87"
"2015-04-17","PARTLY_CLOUDY_DAY","0.6","68.64","51.16","4.45"
"2015-04-18","WIND","0.61","64.08","45.46","8.99"
"2015-04-19","RAIN","0.6","57.12","47.62","6.61"
"2015-04-20","WIND","0.77","52.77","44.52","15.02"
"2015-04-21","WIND","0.51","53.13","41.5","17.98"
"2015-04-22","WIND","0.51","45.17","36.34","12.83"
"2015-04-23","CLEAR_DAY","0.5","45.1","36.32","1.75"
"2015-04-24","RAIN","0.54","50.71","38.49","5.18"
"2015-04-25","RAIN","0.82","44.32","40.46","13.41"
"2015-04-26","WIND","0.58","47.64","39.7","13.23"
"2015-04-27","WIND","0.62","48.81","41.2","13.24"
"2015-04-28","CLEAR_DAY","0.67","48.39","40.19","6.25"
"2015-04-29","PARTLY_CLOUDY_DAY","0.64","52.21","42.67","7.59"
"2015-04-30","WIND","0.69","45.06","40.96","15.26"
"2015-05-01","CLEAR_DAY","0.65","54.7","42.09","2.15"
"2015-05-02","CLEAR_DAY","0.45","70.44","54.6","6.19"
"2015-05-03","RAIN","0.51","78.13","60.37","9.99"
"2015-05-04","PARTLY_CLOUDY_DAY","0.69","68.1","51.65","2.19"
"2015-05-05","RAIN","0.89","53.57","46.95","7.99"
"2015-05-06","FOG","0.85","58.82","46.76","4.77"
"2015-05-07","PARTLY_CLOUDY_DAY","0.59","82.28","52.06","9.45"
"2015-05-08","RAIN","0.79","77.09","59.37","7.44"
"2015-05-09","WIND","0.9","60.56","45.47","9.7"
"2015-05-10","PARTLY_CLOUDY_DAY","0.93","49.44","44.43","11.24"
"2015-05-11","WIND","0.82","67.85","46.09","9.39"
"2015-05-12","WIND","0.6","54.79","49.05","14.26"
"2015-05-13","WIND","0.67","48.7","42.83","10.29"
"2015-05-14","RAIN","0.64","59.22","43.72","9.57"
"2015-05-15","PARTLY_CLOUDY_DAY","0.78","73.87","55.87","6.55"
"2015-05-15","PARTLY_CLOUDY_DAY","0.78","73.87","55.87","6.55"
"2015-05-16","PARTLY_CLOUDY_NIGHT","0.82","76.81","62.4","7.1"
"2015-05-17","WIND","0.77","79.29","63.44","14.19"
"2015-05-18","WIND","0.64","77.52","52.4","12.15"
"2015-05-19","CLEAR_DAY","0.64","50.92","42.1","5.51"
"2015-05-20","PARTLY_CLOUDY_DAY","0.65","45.95","41.38","9.45"
"2015-05-21","CLEAR_DAY","0.56","66.69","46.1","7.47"
"2015-05-22","CLEAR_DAY","0.54","59.36","48.14","5.73"
"2015-05-23","CLEAR_DAY","0.46","68.9","51.23","5.32"
"2015-05-24","RAIN","0.67","71.85","60.59","3.98"
"2015-05-25","WIND","0.69","77.86","68.7","15.04"
"2015-05-26","RAIN","0.8","73.22","66.74","12.67"
"2015-05-27","PARTLY_CLOUDY_DAY","0.72","71.5","59.53","8.35"
"2015-05-28","CLEAR_DAY","0.66","72.9","59.3","3.8"
"2015-05-29","PARTLY_CLOUDY_DAY","0.71","80.12","64.19","8.77"
"2015-05-30","RAIN","0.9","72.69","45.3","11.07"
"2015-05-31","WIND","0.8","50.35","43.5","18.61"
"2015-06-01","PARTLY_CLOUDY_DAY","0.7","53.38","47.32","10.61"
"2015-06-02","CLEAR_DAY","0.68","61.92","46.08","4.14"
"2015-06-03","CLEAR_DAY","0.68","66.44","53.35","5.19"
"2015-06-04","PARTLY_CLOUDY_DAY","0.68","76.47","60.75","7.32"
"2015-06-05","WIND","0.84","70.64","53.2","12.88"
"2015-06-06","PARTLY_CLOUDY_NIGHT","0.75","60.36","51.19","7.62"
"2015-06-07","RAIN","0.84","79.06","53.94","10.34"
"2015-06-08","PARTLY_CLOUDY_DAY","0.75","82.23","62.64","8.95"
"2015-06-09","CLEAR_DAY","0.65","83.17","61.51","6.98"
"2015-06-10","WIND","0.63","88.51","65.16","5.95"
"2015-06-11","RAIN","0.77","66.3","59.94","5.84"
"2015-06-12","PARTLY_CLOUDY_NIGHT","0.93","67.67","54.13","5.55"
"2015-06-13","RAIN","0.84","72.2","54.76","0.11"
"2015-06-14","RAIN","0.83","82.07","67.35","5.19"
"2015-06-15","RAIN","0.91","77.81","68.16","4.75"
"2015-06-16","CLEAR_DAY","0.73","69.02","56.61","9.96"
"2015-06-17","PARTLY_CLOUDY_DAY","0.8","63.15","56.82","2.82"
"2015-06-18","FOG","0.81","79.62","57.74","5.67"
"2015-06-19","CLEAR_DAY","0.77","59.05","54.04","11.68"
"2015-06-20","RAIN","0.78","77.42","55.45","1.67"
"2015-06-21","PARTLY_CLOUDY_DAY","0.74","80.84","68.48","4.68"
"2015-06-22","WIND","0.83","82.57","69.66","9.96"
"2015-06-23","PARTLY_CLOUDY_DAY","0.63","75.63","64.04","3.09"
"2015-06-24","PARTLY_CLOUDY_DAY","0.69","76.13","62.83","3.82"
"2015-06-25","RAIN","0.86","76.34","61.99","1.01"
"2015-06-26","RAIN","0.89","64.17","59.62","9.08"
"2015-06-27","CLEAR_DAY","0.69","68.72","59.27","10.5"
"2015-06-28","PARTLY_CLOUDY_DAY","0.65","71.5","59.83","2.51"
"2015-06-29","RAIN","0.86","68.21","64.04","3.06"
"2015-06-30","PARTLY_CLOUDY_DAY","0.81","70.68","58.85","3.46"
"2015-07-01","PARTLY_CLOUDY_DAY","0.77","60.98","55.96","8.47"
"2015-07-02","PARTLY_CLOUDY_DAY","0.79","63.46","55.1","11.52"
"2015-07-03","CLEAR_DAY","0.7","68.67","60","4.26"
"2015-07-04","CLEAR_DAY","0.67","72.68","63.03","0.71"
"2015-07-05","CLEAR_DAY","0.68","75.69","65.91","4.09"
"2015-07-06","RAIN","0.76","82.68","68.34","9.36"
"2015-07-07","RAIN","0.74","72.28","57.78","11.55"
"2015-07-08","PARTLY_CLOUDY_DAY","0.78","62.56","56.88","6.76"
"2015-07-09","PARTLY_CLOUDY_DAY","0.79","66.5","59.39","5.66"
"2015-07-10","CLEAR_DAY","0.7","72.76","63.34","1.3"
"2015-07-11","PARTLY_CLOUDY_DAY","0.72","73.26","64.15","4.65"
"2015-07-12","PARTLY_CLOUDY_DAY","0.81","74.62","66.35","3.91"
"2015-07-13","RAIN","0.78","84.29","67.11","7.88"
"2015-07-14","WIND","0.75","76.85","62.7","8.51"
"2015-07-15","CLEAR_DAY","0.68","68.61","60.31","9.35"
"2015-07-16","RAIN","0.79","74.25","61.73","4.78"
"2015-07-17","PARTLY_CLOUDY_DAY","0.76","89.77","70.03","6"
"2015-07-18","RAIN","0.79","80.73","73.71","4.19"
"2015-07-19","CLEAR_DAY","0.72","78.82","70.62","1.63"
"2015-07-20","CLEAR_DAY","0.68","84.78","68.36","6.01"
"2015-07-21","PARTLY_CLOUDY_NIGHT","0.59","75.22","67.65","5.5"
"2015-07-22","PARTLY_CLOUDY_DAY","0.6","75.71","67.91","1.53"
"2015-07-23","PARTLY_CLOUDY_DAY","0.62","77.81","67.54","2.27"
"2015-07-24","CLEAR_DAY","0.62","83.45","70.08","7.5"
"2015-07-25","PARTLY_CLOUDY_DAY","0.72","83.78","72.22","1.54"
"2015-07-26","PARTLY_CLOUDY_NIGHT","0.76","75.51","68.88","3.61"
"2015-07-27","CLEAR_DAY","0.7","81.41","70.21","4.95"
"2015-07-28","PARTLY_CLOUDY_NIGHT","0.69","83.66","71.9","4.39"
"2015-07-29","PARTLY_CLOUDY_DAY","0.64","85.96","75.66","6.24"
"2015-07-30","CLEAR_DAY","0.51","86.58","68.88","9.45"
"2015-07-31","WIND","0.51","85.49","71.11","9.8"
"2015-08-01","PARTLY_CLOUDY_DAY","0.53","85.02","67.23","8.88"
"2015-08-02","RAIN","0.64","89.44","71.68","13.18"
"2015-08-03","PARTLY_CLOUDY_DAY","0.63","79.93","66.39","6.94"
"2015-08-04","PARTLY_CLOUDY_DAY","0.58","80.45","65.12","3.5"
"2015-08-05","CLEAR_DAY","0.63","77.25","65.7","4.1"
"2015-08-06","CLEAR_DAY","0.68","76.44","68.84","8.02"
"2015-08-07","PARTLY_CLOUDY_NIGHT","0.6","78.84","66.57","7.38"
"2015-08-08","PARTLY_CLOUDY_DAY","0.72","78.85","69.51","1.02"
"2015-08-09","PARTLY_CLOUDY_DAY","0.83","75.76","68.83","2.21"
"2015-08-10","RAIN","0.82","78.51","71.66","4.61"
"2015-08-11","PARTLY_CLOUDY_DAY","0.72","75.79","68.81","6.52"
"2015-08-12","PARTLY_CLOUDY_DAY","0.7","73.05","66.93","4.79"
"2015-08-13","PARTLY_CLOUDY_NIGHT","0.65","83.35","67.1","9.27"
"2015-08-14","RAIN","0.7","87.55","71.3","8.01"
"2015-08-15","PARTLY_CLOUDY_DAY","0.78","82.12","69.19","3.9"
"2015-08-16","PARTLY_CLOUDY_DAY","0.71","88.28","72.77","7.88"
"2015-08-17","PARTLY_CLOUDY_NIGHT","0.74","84.9","69.49","5.67"
"2015-08-18","RAIN","0.82","80.25","68.14","7.92"
"2015-08-19","WIND","0.72","76.02","64.66","12.98"
"2015-08-20","WIND","0.63","73.04","60.72","12.75"
"2015-08-21","PARTLY_CLOUDY_DAY","0.62","79.92","60.99","8.03"
"2015-08-22","PARTLY_CLOUDY_NIGHT","0.59","75.11","66.01","8.37"
"2015-08-23","RAIN","0.67","76.02","66.89","7.53"
"2015-08-24","WIND","0.56","72.22","57.97","11.97"
"2015-08-25","PARTLY_CLOUDY_DAY","0.61","65.1","60.49","5.31"
"2015-08-26","PARTLY_CLOUDY_DAY","0.71","63.34","59.08","4.61"
"2015-08-27","CLEAR_DAY","0.72","69.47","58.07","0.7"
"2015-08-28","CLEAR_DAY","0.75","72.76","60.74","4.21"
"2015-08-29","RAIN","0.84","70.72","63.71","2.44"
"2015-08-30","PARTLY_CLOUDY_DAY","0.83","71.41","63.46","3.78"
"2015-08-31","FOG","0.81","77.55","64.91","2.35"
"2015-09-01","PARTLY_CLOUDY_DAY","0.77","86.74","72.52","8.52"
"2015-09-02","PARTLY_CLOUDY_DAY","0.7","88.88","73.41","6.83"
"2015-09-03","PARTLY_CLOUDY_DAY","0.69","89.09","70.47","5.23"
"2015-09-04","PARTLY_CLOUDY_DAY","0.81","75.27","68.79","5.03"
"2015-09-05","PARTLY_CLOUDY_DAY","0.78","82.25","70.61","6.03"
"2015-09-06","PARTLY_CLOUDY_DAY","0.63","90.24","72.95","8.84"
"2015-09-07","PARTLY_CLOUDY_NIGHT","0.67","86.3","76.7","6.34"
"2015-09-08","RAIN","0.83","81.8","69.64","6.59"
"2015-09-09","CLEAR_DAY","0.75","71","64.57","5.9"
"2015-09-10","RAIN","0.8","71.56","62.18","2.38"
"2015-09-11","RAIN","0.79","64.74","59.58","9.57"
"2015-09-12","WIND","0.69","61.89","53.66","12.37"
"2015-09-13","PARTLY_CLOUDY_DAY","0.61","67.77","52.63","4.86"
"2015-09-14","WIND","0.57","80","56.67","13.17"
"2015-09-15","CLEAR_DAY","0.53","80.67","64.6","10.98"
"2015-09-16","CLEAR_DAY","0.55","81.33","62.44","11.01"
"2015-09-17","RAIN","0.65","83.47","65.76","12.44"
"2015-09-18","RAIN","0.88","75.25","66.91","4.11"
"2015-09-19","WIND","0.74","68.07","58.95","7.26"
"2015-09-20","CLEAR_DAY","0.69","67.21","55.48","2.04"
"2015-09-21","CLEAR_DAY","0.68","68.17","57.1","5.14"
"2015-09-22","CLEAR_DAY","0.64","72.62","57.83","4.86"
"2015-09-23","CLEAR_DAY","0.65","72.5","61.38","3.21"
"2015-09-24","CLEAR_DAY","0.74","70.36","62.1","5.27"
"2015-09-25","CLEAR_DAY","0.8","68.8","63.53","8.56"
"2015-09-26","PARTLY_CLOUDY_NIGHT","0.73","71.33","61.83","7.55"
"2015-09-27","PARTLY_CLOUDY_NIGHT","0.78","69.54","65.9","6.48"
"2015-09-28","PARTLY_CLOUDY_NIGHT","0.79","73.77","66.39","5.21"
"2015-09-29","RAIN","0.82","70.8","58.77","14.75"
"2015-09-30","WIND","0.62","59.54","55.67","17.57"
"2015-10-01","WIND","0.61","58.05","53.72","21.11"
"2015-10-02","WIND","0.6","59.43","52.58","22.77"
"2015-10-03","WIND","0.69","52.82","49.17","23.96"
"2015-10-04","PARTLY_CLOUDY_NIGHT","0.84","57.06","49.86","13.11"
"2015-10-05","CLEAR_DAY","0.89","58.41","56.06","6.76"
"2015-10-06","PARTLY_CLOUDY_NIGHT","0.85","62.81","56.93","2.88"
"2015-10-07","PARTLY_CLOUDY_DAY","0.82","64.34","57.38","3.55"
"2015-10-08","PARTLY_CLOUDY_DAY","0.7","75.72","55.09","6.53"
"2015-10-09","WIND","0.72","65.83","54.6","13.16"
"2015-10-10","CLEAR_DAY","0.67","64.6","48.1","4.77"
"2015-10-11","WIND","0.55","77.37","53.49","12.8"
"2015-10-12","WIND","0.54","73.63","60.17","12.07"
"2015-10-13","PARTLY_CLOUDY_DAY","0.62","60.68","51.36","9.98"
"2015-10-14","CLEAR_DAY","0.63","60.53","46.61","4.93"
"2015-10-15","WIND","0.48","67.81","50.16","9.32"
"2015-10-16","PARTLY_CLOUDY_DAY","0.5","53.17","44.77","10.57"
"2015-10-17","PARTLY_CLOUDY_DAY","0.48","50.74","38.17","8.94"
"2015-10-18","CLEAR_DAY","0.55","54.83","38.6","2.45"
"2015-10-19","WIND","0.37","71.28","48.07","18.39"
"2015-10-20","RAIN","0.41","73.8","56.57","11.32"
"2015-10-21","PARTLY_CLOUDY_NIGHT","0.64","74.31","57.9","10.45"
"2015-10-22","CLEAR_DAY","0.7","64.23","54.22","7.51"
"2015-10-23","RAIN","0.67","61.29","52.67","12.02"
"2015-10-24","RAIN","0.8","65.8","53.1","9.34"
"2015-10-25","CLEAR_DAY","0.65","57.61","45.4","1.29"
"2015-10-26","CLEAR_DAY","0.67","57.89","47.63","8.87"
"2015-10-27","RAIN","0.69","56.3","51.79","16.69"
"2015-10-28","RAIN","0.87","56.71","40.81","9.59"
"2015-10-29","WIND","0.7","47.1","37.94","14.49"
"2015-10-30","PARTLY_CLOUDY_DAY","0.71","55.22","40.59","5.2"
"2015-10-31","RAIN","0.85","52.8","45.43","10.78"
"2015-11-01","CLEAR_DAY","0.7","63.62","46.69","9.08"
"2015-11-02","CLEAR_DAY","0.6","72.03","51.94","11.51"
"2015-11-03","CLEAR_DAY","0.76","65.32","51.37","5.91"
"2015-11-04","PARTLY_CLOUDY_NIGHT","0.8","71.4","52.83","8.74"
"2015-11-05","RAIN","0.77","69.03","61.68","17.04"
"2015-11-06","WIND","0.72","65.11","44.73","13.76"
"2015-11-07","PARTLY_CLOUDY_DAY","0.64","52.28","40.48","9.73"
"2015-11-08","CLEAR_DAY","0.62","52.71","37.79","5.29"
"2015-11-09","CLEAR_DAY","0.62","52.71","39.46","3.67"
"2015-11-10","CLEAR_DAY","0.66","53.27","42.22","0.6"
"2015-11-11","RAIN","0.65","61.33","43.38","13.41"
"2015-11-12","WIND","0.73","54.98","43.51","19.98"
"2015-11-13","WIND","0.55","46.67","37.41","15.32"
"2015-11-14","CLEAR_DAY","0.58","56.68","32.49","9.7"
"2015-11-15","PARTLY_CLOUDY_NIGHT","0.49","64.44","46.59","10.24"
"2015-11-16","PARTLY_CLOUDY_NIGHT","0.61","56.04","47.88","11.54"
"2015-11-17","RAIN","0.82","59.24","47.71","17.47"
"2015-11-18","RAIN","0.71","60.88","49.43","18.95"
"2015-11-19","WIND","0.54","48.58","38.37","16.09"
"2015-11-20","PARTLY_CLOUDY_DAY","0.51","41.52","33.33","6.87"
"2015-11-21","SNOW","0.89","35.39","22.94","8.16"
"2015-11-22","WIND","0.76","27.66","15.14","8.98"
"2015-11-23","PARTLY_CLOUDY_DAY","0.75","39.61","28.02","10.64"
"2015-11-24","CLEAR_DAY","0.8","44.12","29.96","6.34"
"2015-11-25","RAIN","0.66","52.43","39.75","15.2"
"2015-11-26","RAIN","0.81","60.54","49.91","18.53"
"2015-11-27","RAIN","0.87","56.13","37.87","17.32"
"2015-11-28","PARTLY_CLOUDY_NIGHT","0.75","38.37","36.13","14.87"
"2015-11-29","PARTLY_CLOUDY_NIGHT","0.72","40.9","33.36","8.27"
"2015-11-30","RAIN","0.71","45.25","38.8","13.07"
"2015-12-01","PARTLY_CLOUDY_DAY","0.79","43.79","38.93","9.8"
"2015-12-02","FOG","0.83","38.63","32.44","7.95"
"2015-12-03","PARTLY_CLOUDY_NIGHT","0.84","35.81","32.34","10.05"
"2015-12-04","FOG","0.86","46.86","33.27","8.93"
"2015-12-05","FOG","0.87","43.05","30.32","8.23"
"2015-12-06","CLEAR_DAY","0.81","47.07","33.49","4.66"
"2015-12-07","FOG","0.94","38.53","33.56","3.93"
"2015-12-08","PARTLY_CLOUDY_DAY","0.84","47.78","39.17","11.28"
"2015-12-09","CLEAR_DAY","0.78","52.93","43.49","8.19"
"2015-12-10","WIND","0.67","57.7","43.07","16.43"
"2015-12-11","CLEAR_DAY","0.66","50.51","44.33","4.39"
"2015-12-12","FOG","0.92","53","48.66","1.63"
"2015-12-13","RAIN","0.89","61.88","50.28","12.01"
"2015-12-14","RAIN","0.83","59.73","43.47","13.12"
"2015-12-15","CLEAR_DAY","0.8","42.9","40.28","1.3"
"2015-12-16","WIND","0.79","51.83","36.63","11.75"
"2015-12-17","PARTLY_CLOUDY_DAY","0.66","35.65","30.21","12.58"
"2015-12-18","WIND","0.62","32.57","26.41","12.14"
"2015-12-19","CLEAR_DAY","0.6","30.75","17.37","10.72"
"2015-12-20","RAIN","0.57","49.38","28.29","18.98"
"2015-12-21","RAIN","0.9","53.38","42.11","10.31"
"2015-12-22","FOG","0.89","41.81","36.9","5.71"
"2015-12-23","RAIN","0.89","58.63","42.46","13.99"
"2015-12-24","PARTLY_CLOUDY_DAY","0.72","42.4","35.98","10.3"
"2015-12-25","CLEAR_DAY","0.79","42.54","36.74","8.17"
"2015-12-26","RAIN","0.86","43.21","40.41","9.84"
"2015-12-27","WIND","0.81","41.37","36.77","22.88"
"2015-12-28","SNOW","0.85","39.7","32.53","24.56"
"2015-12-29","CLEAR_DAY","0.84","40.61","30.59","11.89"
"2015-12-30","PARTLY_CLOUDY_DAY","0.79","30.43","28.03","7.82"
"2015-12-31","PARTLY_CLOUDY_NIGHT","0.73","28.28","24.89","12.34"
"2016-01-01","PARTLY_CLOUDY_DAY","0.73","30.75","20.14","13.63"
"2016-01-02","CLEAR_DAY","0.72","33.41","22.87","11.58"
"2016-01-03","CLEAR_DAY","0.7","31.23","25.3","11.87"
"2016-01-04","PARTLY_CLOUDY_DAY","0.66","30.53","26.17","9.25"
"2016-01-05","CLEAR_DAY","0.72","33.59","20.7","11.6"
"2016-01-06","PARTLY_CLOUDY_NIGHT","0.68","37.7","25.79","10.19"
"2016-01-07","PARTLY_CLOUDY_DAY","0.62","40.09","34.85","7.37"
"2016-01-08","FOG","0.91","44.25","38.23","6.38"
"2016-01-09","SNOW","0.94","43.23","29.06","7.78"
"2016-01-10","WIND","0.75","26.35","4.5","16.77"
"2016-01-11","SNOW","0.76","24.99","1.31","8.7"
"2016-01-12","WIND","0.66","22.58","5.63","17.1"
"2016-01-13","CLEAR_DAY","0.74","27.46","2.69","10.08"
"2016-01-14","WIND","0.75","44.45","27.81","11.73"
"2016-01-15","PARTLY_CLOUDY_DAY","0.85","43.16","31.88","9.53"
"2016-01-16","PARTLY_CLOUDY_NIGHT","0.66","31.58","16.35","12.23"
"2016-01-17","PARTLY_CLOUDY_DAY","0.58","13.45","0.85","15.19"
"2016-01-18","CLEAR_DAY","0.59","8.08","-2.61","13.78"
"2016-01-19","FOG","0.58","17.46","2.21","4.8"
"2016-01-20","PARTLY_CLOUDY_DAY","0.76","22.76","15.22","3.81"
"2016-01-21","CLEAR_DAY","0.76","26.65","16.81","0.5"
"2016-01-22","PARTLY_CLOUDY_NIGHT","0.73","30.68","23.31","11.8"
"2016-01-23","PARTLY_CLOUDY_DAY","0.71","31.51","27.14","3.59"
"2016-01-24","CLEAR_DAY","0.72","34.39","24.94","7.4"
"2016-01-25","WIND","0.8","41.96","29.27","10.93"
"2016-01-26","WIND","0.76","38.74","27.01","16.05"
"2016-01-27","WIND","0.64","33.44","25.87","11.85"
"2016-01-28","CLEAR_DAY","0.71","39.8","30.64","10.74"
"2016-01-29","WIND","0.57","35.86","23.31","2.22"
"2016-01-30","PARTLY_CLOUDY_NIGHT","0.73","46.7","36.74","9.93"
"2016-01-31","PARTLY_CLOUDY_NIGHT","0.89","48.67","36.12","6.77"
"2016-02-01","CLEAR_DAY","0.84","40.08","32.79","2.64"
"2016-02-02","RAIN","0.91","37.88","33.4","10.78"
"2016-02-03","PARTLY_CLOUDY_DAY","0.85","38.54","29.43","12.34"
"2016-02-04","PARTLY_CLOUDY_NIGHT","0.65","31.83","21.62","8.21"
"2016-02-05","PARTLY_CLOUDY_NIGHT","0.75","31.33","28.45","2.79"
"2016-02-06","PARTLY_CLOUDY_DAY","0.74","41.26","27.04","9.03"
"2016-02-07","PARTLY_CLOUDY_DAY","0.67","43.81","35.54","12.38"
"2016-02-08","CLEAR_DAY","0.78","34.87","23.66","10.4"
"2016-02-09","PARTLY_CLOUDY_NIGHT","0.73","22.62","15.92","12.98"
"2016-02-10","PARTLY_CLOUDY_DAY","0.59","17.84","11.13","11.96"
"2016-02-11","CLEAR_DAY","0.56","20.62","9.98","5.85"
"2016-02-12","WIND","0.52","22.41","9.97","14.08"
"2016-02-13","CLEAR_DAY","0.44","17.18","4.76","8.49"
"2016-02-14","SNOW","0.69","18.85","12.88","15.59"
"2016-02-15","CLEAR_DAY","0.88","28.97","18.48","4.87"
"2016-02-16","SNOW","0.81","31.44","26.45","2.86"
"2016-02-17","PARTLY_CLOUDY_NIGHT","0.72","30.31","26.5","6.93"
"2016-02-18","WIND","0.7","40.06","25.23","15.45"
"2016-02-19","WIND","0.57","61.44","40.84","20.57"
"2016-02-20","CLEAR_DAY","0.5","57.82","43.49","9.83"
"2016-02-21","PARTLY_CLOUDY_DAY","0.78","41.73","33.44","10.88"
"2016-02-22","PARTLY_CLOUDY_DAY","0.76","37.97","30.31","3.33"
"2016-02-23","CLEAR_DAY","0.73","38.5","31.04","7.07"
"2016-02-24","WIND","0.79","36.49","32.49","24.94"
"2016-02-25","PARTLY_CLOUDY_NIGHT","0.66","34.38","31.8","16.51"
"2016-02-26","PARTLY_CLOUDY_DAY","0.55","33.3","28.92","7.16"
"2016-02-27","WIND","0.63","52.99","29.22","14.33"
"2016-02-28","WIND","0.61","62.06","37.51","14.16"
"2016-02-29","WIND","0.65","51.24","29.61","5.57"
"2016-03-01","WIND","0.8","31.47","20.87","14.38"
"2016-03-02","PARTLY_CLOUDY_NIGHT","0.5","31.55","16.34","4.02"
"2016-03-03","CLEAR_DAY","0.85","31.75","28.93","7.89"
"2016-03-04","SNOW","0.62","34.84","26.24","2.04"
"2016-03-05","CLEAR_DAY","0.82","37.77","28.92","4.37"
"2016-03-06","WIND","0.68","50.35","34.77","13.74"
"2016-03-07","PARTLY_CLOUDY_DAY","0.63","59.99","47.31","15.16"
"2016-03-08","PARTLY_CLOUDY_DAY","0.66","69.25","58.09","15.57"
"2016-03-09","PARTLY_CLOUDY_DAY","0.79","63.48","52.24","8.94"
"2016-03-10","PARTLY_CLOUDY_DAY","0.8","47.52","39.32","7.26"
"2016-03-11","CLEAR_DAY","0.8","43.32","36.65","4.5"
"2016-03-12","CLEAR_DAY","0.83","47.31","37.09","2.21"
"2016-03-13","RAIN","0.94","45.63","42.92","6.51"
"2016-03-14","RAIN","0.93","45.69","41.35","0.38"
"2016-03-15","RAIN","0.86","51.8","42.5","8.46"
"2016-03-16","WIND","0.59","55.53","48.97","20.05"
"2016-03-17","WIND","0.44","54.73","43.74","14.65"
"2016-03-18","PARTLY_CLOUDY_DAY","0.66","46.24","35.77","5.62"
"2016-03-19","PARTLY_CLOUDY_DAY","0.75","40.9","35.37","9.07"
"2016-03-20","PARTLY_CLOUDY_DAY","0.67","39.1","33.41","8.21"
"2016-03-21","WIND","0.6","44.01","33.38","1.07"
"2016-03-22","WIND","0.49","64.26","44.5","13.25"
"2016-03-23","CLEAR_DAY","0.86","49.83","38.59","14.02"
"2016-03-24","RAIN","0.93","41.03","31.75","14.35"
"2016-03-25","PARTLY_CLOUDY_NIGHT","0.73","38.89","31.41","2.86"
"2016-03-26","CLEAR_DAY","0.76","45.25","35.61","6.93"
"2016-03-27","RAIN","0.74","60.46","41.92","2.87"
"2016-03-28","PARTLY_CLOUDY_DAY","0.74","45.17","39.11","5.98"
"2016-03-29","CLEAR_DAY","0.67","49.27","36.38","5.33"
"2016-03-30","WIND","0.66","58.97","44.12","15.38"
"2016-03-31","RAIN","0.79","64.93","44.67","13.55"
"2016-04-01","PARTLY_CLOUDY_NIGHT","0.76","47.7","39.3","2.97"
"2016-04-02","WIND","0.61","38.99","32.02","14.26"
"2016-04-03","WIND","0.46","70.66","30.35","12.29"
"2016-04-04","WIND","0.7","39.85","31.24","18.88"
"2016-04-05","WIND","0.54","43.99","30.55","9.01"
"2016-04-06","CLEAR_DAY","0.78","49.64","43.11","8.3"
"2016-04-07","CLEAR_DAY","0.74","44.68","36.72","12.76"
"2016-04-08","WIND","0.69","39.43","30.46","10.62"
"2016-04-09","WIND","0.53","33.61","24.75","7.03"
"2016-04-10","WIND","0.74","50.88","33.48","14.82"
"2016-04-11","PARTLY_CLOUDY_DAY","0.66","50.9","39.92","8.74"
"2016-04-12","CLEAR_DAY","0.55","40.49","35.27","5.11"
"2016-04-13","PARTLY_CLOUDY_DAY","0.61","47.19","37.62","6.87"
"2016-04-14","CLEAR_DAY","0.53","51.91","40.64","5.84"
"2016-04-15","CLEAR_DAY","0.56","54.35","42.8","5.23"
"2016-04-16","CLEAR_DAY","0.56","60.17","46.51","4.94"
"2016-04-17","CLEAR_DAY","0.5","64.44","50.25","3.71"
"2016-04-18","WIND","0.48","67.32","52.35","2.55"
"2016-04-19","PARTLY_CLOUDY_DAY","0.74","52.54","44.3","13.75"
"2016-04-20","RAIN","0.6","62.81","49.1","6.1"
"2016-04-21","PARTLY_CLOUDY_DAY","0.81","61.71","54.04","3.55"
"2016-04-22","WIND","0.84","55.97","41.86","14.63"
"2016-04-23","PARTLY_CLOUDY_DAY","0.76","51.19","41.01","6.74"
"2016-04-24","PARTLY_CLOUDY_DAY","0.65","68.35","44.89","6.4"
"2016-04-25","WIND","0.56","81.01","58.93","12.53"
"2016-04-26","WIND","0.87","72.07","41.89","16.89"
"2016-04-27","RAIN","0.85","48.26","42.35","16.11"
"2016-04-28","WIND","0.88","47.46","43.99","10.99"
"2016-04-29","PARTLY_CLOUDY_DAY","0.86","45.04","42.23","9.38"
"2016-04-30","RAIN","0.89","46.91","43.12","14.61"
"2016-05-01","RAIN","0.95","46.61","43.51","13.21"
"2016-05-02","PARTLY_CLOUDY_NIGHT","0.72","50.41","43.95","11.39"
"2016-05-03","RAIN","0.55","65.09","44.25","5.7"
"2016-05-04","RAIN","0.75","59.97","43.2","15.36"
"2016-05-05","WIND","0.71","51.15","41.3","13.59"
"2016-05-06","PARTLY_CLOUDY_DAY","0.53","81.2","47.01","6.68"
"2016-05-07","WIND","0.5","71.12","50.67","11.46"
"2016-05-08","CLEAR_DAY","0.53","62.08","45.33","3"
"2016-05-09","RAIN","0.8","53.89","49.23","9.95"
"2016-05-10","RAIN","0.94","58.55","50.38","8.51"
"2016-05-11","RAIN","0.93","59.37","51.37","3.95"
"2016-05-12","PARTLY_CLOUDY_DAY","0.81","68.1","52.84","6.67"
"2016-05-13","RAIN","0.68","65.02","50.05","8.22"
"2016-05-14","WIND","0.65","46.77","42.8","13.7"
"2016-05-15","WIND","0.53","52.51","40.15","3.51"
"2016-05-16","PARTLY_CLOUDY_DAY","0.49","67.26","47.13","12.22"
"2016-05-17","PARTLY_CLOUDY_DAY","0.7","57.71","47.1","9.86"
"2016-05-18","PARTLY_CLOUDY_DAY","0.67","54.93","45.69","7.65"
"2016-05-19","CLEAR_DAY","0.55","60.61","46.15","2.69"
"2016-05-20","CLEAR_DAY","0.61","59.52","51.83","5.05"
"2016-05-21","CLEAR_DAY","0.49","65.87","53.68","7.94"
"2016-05-22","CLEAR_DAY","0.55","64.85","53.87","4.41"
"2016-05-23","CLEAR_DAY","0.49","71.38","53.69","6.22"
"2016-05-24","CLEAR_DAY","0.43","85.42","64.16","10.53"
"2016-05-25","RAIN","0.71","75.73","62.91","4.88"
"2016-05-26","PARTLY_CLOUDY_DAY","0.75","82.43","61.24","7.25"
"2016-05-27","PARTLY_CLOUDY_DAY","0.8","76.63","68.11","10.63"
"2016-05-28","WIND","0.73","80.2","65.76","14.57"
"2016-05-29","PARTLY_CLOUDY_DAY","0.64","78.23","65.32","9.53"
"2016-05-30","PARTLY_CLOUDY_DAY","0.63","75.8","65.51","0.82"
"2016-05-31","RAIN","0.74","72.81","62.18","3.5"
"2016-06-01","RAIN","0.8","72.44","62.1","1.48"
"2016-06-02","CLEAR_DAY","0.6","75.93","62.17","3.02"
"2016-06-03","CLEAR_DAY","0.64","73.3","58.68","3.22"
"2016-06-04","RAIN","0.77","72.39","66.25","8.29"
"2016-06-05","PARTLY_CLOUDY_DAY","0.68","78.04","63.5","9.36"
"2016-06-06","WIND","0.59","80.46","62.26","8.44"
"2016-06-07","PARTLY_CLOUDY_DAY","0.71","62.04","56.38","7.31"
"2016-06-08","CLEAR_DAY","0.7","62.07","54.77","3.49"
"2016-06-09","PARTLY_CLOUDY_DAY","0.74","68.8","56.87","5.02"
"2016-06-10","PARTLY_CLOUDY_DAY","0.65","90.88","63.26","5.87"
"2016-06-11","CLEAR_DAY","0.56","89.59","69.65","6.54"
"2016-06-12","CLEAR_DAY","0.55","81.04","60.12","12.6"
"2016-06-13","PARTLY_CLOUDY_DAY","0.61","74.98","58.15","3.32"
"2016-06-14","RAIN","0.71","75.49","65.12","5.07"
"2016-06-15","PARTLY_CLOUDY_DAY","0.74","83.86","68.76","5.33"
"2016-06-16","WIND","0.76","81.79","63.6","10.29"
"2016-06-17","CLEAR_DAY","0.7","72.79","61.9","8.61"
"2016-06-18","CLEAR_DAY","0.62","77.16","62.47","3.39"
"2016-06-19","CLEAR_DAY","0.54","88.2","67.49","7"
"2016-06-20","WIND","0.62","90.04","73.07","9.5"
"2016-06-21","CLEAR_DAY","0.52","76.53","67.28","2.6"
"2016-06-22","RAIN","0.78","73.92","67.91","3.39"
"2016-06-23","FOG","0.87","70.81","65.68","7.86"
"2016-06-24","CLEAR_DAY","0.71","75.52","65.95","5.61"
"2016-06-25","PARTLY_CLOUDY_DAY","0.66","86.04","68.29","8.66"
"2016-06-26","PARTLY_CLOUDY_DAY","0.71","82.12","74.54","4.05"
"2016-06-27","CLEAR_DAY","0.59","88.28","70.02","5.71"
"2016-06-28","WIND","0.67","70.14","62.95","11.99"
"2016-06-29","CLEAR_DAY","0.59","72.5","59.55","2.3"
"2016-06-30","PARTLY_CLOUDY_DAY","0.55","76.43","64.13","7.94"
"2016-07-01","WIND","0.68","71.29","64.12","10.18"
"2016-07-02","CLEAR_DAY","0.57","71.93","60.64","3.66"
"2016-07-03","CLEAR_DAY","0.65","72.34","61.94","5.68"
"2016-07-04","PARTLY_CLOUDY_NIGHT","0.78","73.8","65.3","4.22"
"2016-07-05","PARTLY_CLOUDY_DAY","0.72","83.63","69.19","5.11"
"2016-07-06","RAIN","0.76","84.63","68.75","6.21"
"2016-07-07","RAIN","0.82","79.14","71.31","2.46"
"2016-07-08","WIND","0.7","85.76","69.77","8.39"
"2016-07-09","PARTLY_CLOUDY_DAY","0.68","73.15","67.18","9.26"
"2016-07-10","PARTLY_CLOUDY_DAY","0.67","77.15","64.86","2.42"
"2016-07-11","WIND","0.68","87.96","72.27","12.81"
"2016-07-12","WIND","0.7","87.8","75.29","12.51"
"2016-07-13","RAIN","0.79","84.08","71.64","8.31"
"2016-07-14","WIND","0.67","86.05","69.02","11.9"
"2016-07-15","PARTLY_CLOUDY_DAY","0.71","74.95","65.07","6.65"
"2016-07-16","PARTLY_CLOUDY_DAY","0.66","73.08","63.02","3.52"
"2016-07-17","RAIN","0.73","83.01","66.73","11.42"
"2016-07-18","CLEAR_DAY","0.76","78.53","70.81","1.12"
"2016-07-19","PARTLY_CLOUDY_NIGHT","0.73","79.54","70.61","2.21"
"2016-07-20","CLEAR_DAY","0.71","85.02","71.98","5"
"2016-07-21","RAIN","0.82","86.92","73.15","5.74"
"2016-07-22","CLEAR_DAY","0.77","85.21","71.55","3.18"
"2016-07-23","RAIN","0.82","84.46","71.44","0.43"
"2016-07-24","RAIN","0.81","89.88","70.49","10.77"
"2016-07-25","PARTLY_CLOUDY_DAY","0.68","80.11","74.12","1.26"
"2016-07-26","PARTLY_CLOUDY_DAY","0.68","81.13","70.51","2.32"
"2016-07-27","PARTLY_CLOUDY_DAY","0.68","82.56","70.99","1.92"
"2016-07-28","RAIN","0.82","79.15","72.7","2.66"
"2016-07-29","RAIN","0.87","77","70.67","6.12"
"2016-07-30","PARTLY_CLOUDY_DAY","0.81","74.26","69.28","9.15"
"2016-07-31","PARTLY_CLOUDY_DAY","0.79","75.99","67.86","5.17"
"2016-08-01","PARTLY_CLOUDY_DAY","0.79","77.89","69.78","6.09"
"2016-08-02","PARTLY_CLOUDY_DAY","0.73","80.4","71.45","4.27"
"2016-08-03","PARTLY_CLOUDY_DAY","0.7","83.56","72.39","3.76"
"2016-08-04","CLEAR_DAY","0.67","85.64","73.95","4.83"
"2016-08-05","PARTLY_CLOUDY_DAY","0.76","80.43","73.99","1.93"
"2016-08-06","PARTLY_CLOUDY_DAY","0.68","77.93","69.35","6.27"
"2016-08-07","CLEAR_DAY","0.67","78.7","68","4.81"
"2016-08-08","PARTLY_CLOUDY_DAY","0.65","79.4","72.75","9.44"
"2016-08-09","PARTLY_CLOUDY_DAY","0.64","81.92","71","4.72"
"2016-08-10","CLEAR_DAY","0.7","83.27","73.91","2.31"
"2016-08-11","WIND","0.71","90.55","76.92","9.23"
"2016-08-12","RAIN","0.87","83.91","74.42","3.96"
"2016-08-13","PARTLY_CLOUDY_DAY","0.84","81.58","74.38","3.56"
"2016-08-14","PARTLY_CLOUDY_DAY","0.73","79.48","70.66","0.68"
"2016-08-15","PARTLY_CLOUDY_DAY","0.87","74.94","70.8","6.92"
"2016-08-16","PARTLY_CLOUDY_DAY","0.8","79.28","71.49","1.68"
"2016-08-17","PARTLY_CLOUDY_DAY","0.73","83.88","71.49","4.11"
"2016-08-18","RAIN","0.81","83.78","71.2","6.66"
"2016-08-19","CLEAR_DAY","0.77","82.5","70.65","6.33"
"2016-08-20","RAIN","0.82","78.68","67.98","7.66"
"2016-08-21","PARTLY_CLOUDY_DAY","0.67","73.66","61.3","9.39"
"2016-08-22","CLEAR_DAY","0.62","77.18","61.16","4.09"
"2016-08-23","PARTLY_CLOUDY_DAY","0.66","79.31","65.04","10.06"
"2016-08-24","RAIN","0.79","83.23","71.75","10.22"
"2016-08-25","PARTLY_CLOUDY_DAY","0.83","77.11","71.34","2.78"
"2016-08-26","PARTLY_CLOUDY_NIGHT","0.78","75.26","67.59","5.47"
"2016-08-27","RAIN","0.83","83.42","69.37","4.03"
"2016-08-28","PARTLY_CLOUDY_DAY","0.86","77.59","71.79","3.63"
"2016-08-29","CLEAR_DAY","0.86","80.58","71.37","4.08"
"2016-08-30","PARTLY_CLOUDY_DAY","0.86","81.33","72.78","1.03"
"2016-08-31","WIND","0.75","73.41","69.69","12.25"
"2016-09-01","WIND","0.71","70.57","67.34","13.13"
"2016-09-02","PARTLY_CLOUDY_DAY","0.69","71.55","64.64","9.94"
"2016-09-03","CLEAR_DAY","0.7","72.41","62.98","6.7"
"2016-09-04","CLEAR_DAY","0.7","76.42","63.57","6.57"
"2016-09-05","PARTLY_CLOUDY_DAY","0.71","86.83","68.28","10.36"
"2016-09-06","WIND","0.74","90.41","75.82","10.87"
"2016-09-07","RAIN","0.74","89.01","77.74","10.16"
"2016-09-08","PARTLY_CLOUDY_DAY","0.85","80.96","72.14","7.37"
"2016-09-09","PARTLY_CLOUDY_NIGHT","0.84","78.35","69.29","2.34"
"2016-09-10","PARTLY_CLOUDY_DAY","0.77","71.85","64.75","8.48"
"2016-09-11","PARTLY_CLOUDY_DAY","0.65","73.85","59","3.32"
"2016-09-12","CLEAR_DAY","0.62","78.32","61.33","9.53"
"2016-09-13","PARTLY_CLOUDY_NIGHT","0.69","83.33","66.07","3.85"
"2016-09-14","CLEAR_DAY","0.73","71.37","66.07","9.59"
"2016-09-15","CLEAR_DAY","0.72","73.89","64.55","9.08"
"2016-09-16","WIND","0.71","81.07","65.9","11.48"
"2016-09-17","PARTLY_CLOUDY_DAY","0.72","80.65","67.8","7.04"
"2016-09-18","CLEAR_DAY","0.71","73.99","62.99","0.92"
"2016-09-19","CLEAR_DAY","0.57","86.34","64.57","8.78"
"2016-09-20","CLEAR_DAY","0.68","77.28","68.35","4.46"
"2016-09-21","RAIN","0.79","76.12","67.91","2.05"
"2016-09-22","PARTLY_CLOUDY_NIGHT","0.75","80.43","67.88","3.12"
"2016-09-23","PARTLY_CLOUDY_NIGHT","0.88","71.78","68.69","8.63"
"2016-09-24","PARTLY_CLOUDY_DAY","0.84","71.06","66.02","8.61"
"2016-09-25","RAIN","0.73","80.3","64.45","7.71"
"2016-09-26","WIND","0.5","69.29","60.44","13.07"
"2016-09-27","WIND","0.46","68.72","54.9","9.93"
"2016-09-28","RAIN","0.8","60.95","52.31","12.77"
"2016-09-29","RAIN","0.85","64.33","61.17","17.13"
"2016-09-30","PARTLY_CLOUDY_NIGHT","0.9","63.54","60.58","14.24"
"2016-10-01","RAIN","0.92","63.01","58.54","5.04"
"2016-10-02","CLEAR_DAY","0.91","63.17","58.3","5.55"
"2016-10-03","PARTLY_CLOUDY_DAY","0.86","64.24","60.04","1.91"
"2016-10-04","PARTLY_CLOUDY_DAY","0.77","70.08","61.42","7.42"
"2016-10-05","PARTLY_CLOUDY_DAY","0.68","79.88","63.61","8.61"
"2016-10-06","RAIN","0.89","70.77","62.73","4.68"
"2016-10-07","PARTLY_CLOUDY_DAY","0.71","70.8","52.91","7.56"
"2016-10-08","CLEAR_DAY","0.62","59.55","46.02","2.62"
"2016-10-09","CLEAR_DAY","0.71","60.93","51.02","7.97"
"2016-10-10","PARTLY_CLOUDY_NIGHT","0.67","66.02","51.74","8.13"
"2016-10-11","PARTLY_CLOUDY_DAY","0.62","72.62","59.45","9.89"
"2016-10-12","RAIN","0.8","67.45","49.01","8.46"
"2016-10-13","CLEAR_DAY","0.69","54.22","43.4","3.39"
"2016-10-14","CLEAR_DAY","0.68","65.66","45.3","7.97"
"2016-10-15","WIND","0.84","70.09","54.42","14.31"
"2016-10-16","RAIN","0.88","69.63","64.89","7.88"
"2016-10-17","WIND","0.74","81.75","65.87","18.51"
"2016-10-18","WIND","0.71","75.7","59.8","8.61"
"2016-10-19","PARTLY_CLOUDY_NIGHT","0.73","65.24","55.41","2.84"
"2016-10-20","WIND","0.79","58.79","50.14","15.72"
"2016-10-21","PARTLY_CLOUDY_DAY","0.65","51.58","44.94","13.39"
"2016-10-22","PARTLY_CLOUDY_DAY","0.61","59.54","42.09","5.97"
"2016-10-23","WIND","0.67","72.11","48.38","8.03"
"2016-10-24","CLEAR_DAY","0.7","55.55","48.33","9.36"
"2016-10-25","PARTLY_CLOUDY_DAY","0.7","52.42","45.6","9"
"2016-10-26","RAIN","0.85","51.32","47.01","16.11"
"2016-10-27","PARTLY_CLOUDY_NIGHT","0.8","50.7","45.84","7.07"
"2016-10-28","WIND","0.82","63.86","43.07","12.38"
"2016-10-29","PARTLY_CLOUDY_DAY","0.79","70.56","56.82","5.91"
"2016-10-30","CLEAR_DAY","0.8","56.46","48.61","12.41"
"2016-10-31","WIND","0.77","59.5","45.08","10.7"
"2016-11-01","PARTLY_CLOUDY_NIGHT","0.72","75.15","60.34","10.15"
"2016-11-02","RAIN","0.88","65.13","56.01","2.15"
"2016-11-03","PARTLY_CLOUDY_NIGHT","0.86","58.14","51.13","5.33"
"2016-11-04","CLEAR_DAY","0.72","57.95","49.11","3.27"
"2016-11-05","CLEAR_DAY","0.71","67.42","48.7","7.77"
"2016-11-06","CLEAR_DAY","0.72","68.13","49.48","5.82"
"2016-11-07","PARTLY_CLOUDY_NIGHT","0.69","64.84","50.16","6.17"
"2016-11-08","WIND","0.71","60.98","51.18","6.98"
"2016-11-09","CLEAR_DAY","0.64","55.42","44.81","7.07"
"2016-11-10","CLEAR_DAY","0.55","63.19","44.43","11.26"
"2016-11-11","WIND","0.63","52","45.16","13.65"
"2016-11-12","CLEAR_DAY","0.65","52.2","37.41","5.03"
"2016-11-13","CLEAR_DAY","0.58","56.01","38.31","11.22"
"2016-11-14","CLEAR_DAY","0.68","59.85","42.1","7.73"
"2016-11-15","PARTLY_CLOUDY_NIGHT","0.87","52.78","43.48","2.24"
"2016-11-16","CLEAR_DAY","0.84","55.07","43.5","0.85"
"2016-11-17","WIND","0.65","71.84","49.61","14.97"
"2016-11-18","RAIN","0.65","65.11","40.78","15.83"
"2016-11-19","WIND","0.59","40.19","31.34","18.34"
"2016-11-20","CLEAR_DAY","0.61","34.62","26.13","9.6"
"2016-11-21","CLEAR_DAY","0.65","38.35","28.31","6.12"
"2016-11-22","CLEAR_DAY","0.72","39.71","33.97","9.69"
"2016-11-23","RAIN","0.91","44.94","38.49","9.83"
"2016-11-24","CLEAR_DAY","0.84","44.46","36.76","8.58"
"2016-11-25","PARTLY_CLOUDY_DAY","0.81","41.31","36.66","8.67"
"2016-11-26","PARTLY_CLOUDY_DAY","0.79","45.51","35.35","8.26"
"2016-11-27","RAIN","0.87","44.31","35.54","11.39"
"2016-11-28","RAIN","0.89","51.58","42.01","17.57"
"2016-11-29","CLEAR_DAY","0.77","56.72","45.57","13.85"
"2016-11-30","PARTLY_CLOUDY_DAY","0.79","46.14","36.86","9.85"
"2016-12-01","CLEAR_DAY","0.8","40.63","36.86","12.38"
"2016-12-02","PARTLY_CLOUDY_NIGHT","0.73","39.42","35.59","8.82"
"2016-12-03","PARTLY_CLOUDY_DAY","0.69","35.29","32.39","5.12"
"2016-12-04","SNOW","0.87","34.75","32.37","3.08"
"2016-12-05","CLEAR_DAY","0.93","35.71","32.51","7.25"
"2016-12-06","PARTLY_CLOUDY_DAY","0.84","39.54","28.61","4.69"
"2016-12-07","CLEAR_DAY","0.7","29.53","23.82","14.24"
"2016-12-08","WIND","0.71","24.73","18.19","16.8"
"2016-12-09","PARTLY_CLOUDY_DAY","0.72","25.83","20.43","9.58"
"2016-12-10","SNOW","0.76","24.62","19.73","6.65"
"2016-12-11","SNOW","0.91","33.39","24.1","10.06"
"2016-12-12","PARTLY_CLOUDY_DAY","0.82","33.37","16.32","10.34"
"2016-12-13","CLEAR_DAY","0.68","22.9","7.65","8.53"
"2016-12-14","WIND","0.61","20.44","6.4","14.67"
"2016-12-15","CLEAR_DAY","0.63","11.3","1.04","12.21"
"2016-12-16","SNOW","0.7","21.6","9.65","10.19"
"2016-12-17","WIND","0.86","24.55","20.43","6.98"
"2016-12-18","CLEAR_DAY","0.71","20.05","-2.51","12.83"
"2016-12-19","CLEAR_DAY","0.66","14.8","-5.14","12.62"
"2016-12-20","WIND","0.61","29.04","15.76","15.39"
"2016-12-21","PARTLY_CLOUDY_NIGHT","0.73","36.49","23.52","9.75"
"2016-12-22","PARTLY_CLOUDY_NIGHT","0.73","38.84","28.46","8.41"
"2016-12-23","FOG","0.85","36.37","29.38","8.29"
"2016-12-24","CLEAR_DAY","0.88","36.12","33.8","1.83"
"2016-12-25","WIND","0.93","36.93","32.7","13.01"
"2016-12-26","RAIN","0.75","53.21","30.46","14.98"
"2016-12-27","PARTLY_CLOUDY_DAY","0.73","29.92","26.21","12.53"
"2016-12-28","WIND","0.72","43.52","25.43","10.61"
"2016-12-29","WIND","0.68","35.71","31.6","17.08"
"2016-12-30","CLEAR_DAY","0.62","32.78","25.81","10.3"
"2016-12-31","PARTLY_CLOUDY_DAY","0.72","38.73","19.54","3.23"
"2017-01-01","PARTLY_CLOUDY_NIGHT","0.7","38.73","19.54","2.84"
"2017-01-02","FOG","0.89","38.31","31.56","5.38"
"2017-01-03","WIND","0.93","39.2","24.28","8.19"
"2017-01-04","PARTLY_CLOUDY_NIGHT","0.63","21.56","10.85","16.7"
"2017-01-05","PARTLY_CLOUDY_DAY","0.61","12.74","6.34","12.3"
"2017-01-06","PARTLY_CLOUDY_DAY","0.6","8.67","1.65","9.51"
"2017-01-07","CLEAR_DAY","0.57","17.82","3.27","10.66"
"2017-01-08","WIND","0.54","17.91","4.94","6.39"
"2017-01-09","WIND","0.69","32.46","19.33","12.55"
"2017-01-10","RAIN","0.79","49.84","27.17","19.56"
"2017-01-11","RAIN","0.87","43.69","26.82","3.92"
"2017-01-12","SNOW","0.84","29.25","22.27","10.24"
"2017-01-13","PARTLY_CLOUDY_DAY","0.7","27.58","19.36","8.48"
"2017-01-14","CLEAR_DAY","0.72","31.9","27.46","1.28"
"2017-01-15","PARTLY_CLOUDY_DAY","0.77","33.28","23.89","1.91"
"2017-01-16","RAIN","0.92","37.07","31.4","5.41"
"2017-01-17","FOG","0.97","40.8","35.55","8.25"
"2017-01-18","PARTLY_CLOUDY_NIGHT","0.92","37.16","34.05","9.89"
"2017-01-19","RAIN","0.94","37.61","33.93","4.99"
"2017-01-20","FOG","0.98","41.33","36.36","4.2"
"2017-01-21","FOG","0.86","58.97","42.67","7.74"
"2017-01-22","PARTLY_CLOUDY_DAY","0.95","40.63","37.61","5.42"
"2017-01-23","PARTLY_CLOUDY_NIGHT","0.9","40.05","37.1","9.9"
"2017-01-24","PARTLY_CLOUDY_NIGHT","0.86","38.58","35.02","1.96"
"2017-01-25","PARTLY_CLOUDY_DAY","0.9","42.05","34.78","4.55"
"2017-01-26","CLEAR_DAY","0.82","34.79","31.18","12.74"
"2017-01-27","PARTLY_CLOUDY_NIGHT","0.74","31.1","25.74","13.45"
"2017-01-28","CLEAR_DAY","0.76","29.18","25.21","11.33"
"2017-01-29","CLEAR_DAY","0.64","27.79","23.5","10.29"
"2017-01-30","WIND","0.6","35.96","17.29","7.79"
"2017-01-31","PARTLY_CLOUDY_DAY","0.75","40.09","36.52","14.05"
"2017-02-01","PARTLY_CLOUDY_DAY","0.66","37.17","25.08","11.49"
"2017-02-02","CLEAR_DAY","0.54","23.3","15.39","12.45"
"2017-02-03","PARTLY_CLOUDY_NIGHT","0.49","27.88","15.49","10.62"
"2017-02-04","PARTLY_CLOUDY_NIGHT","0.49","33.7","16.9","12.75"
"2017-02-05","CLEAR_DAY","0.62","37.47","29.6","6.02"
"2017-02-06","FOG","0.82","50.9","28.14","7.72"
"2017-02-07","RAIN","0.95","50.59","33.84","4.9"
"2017-02-08","PARTLY_CLOUDY_NIGHT","0.72","33.38","20.69","12.17"
"2017-02-09","CLEAR_DAY","0.52","24.33","14.23","11.81"
"2017-02-10","WIND","0.65","42.66","18.14","14.18"
"2017-02-11","PARTLY_CLOUDY_NIGHT","0.79","44.9","37.15","3.95"
"2017-02-12","WIND","0.62","46.2","34.29","13.96"
"2017-02-13","CLEAR_DAY","0.58","43.88","29.26","9.45"
"2017-02-14","WIND","0.59","49.26","34.99","12.15"
"2017-02-15","CLEAR_DAY","0.51","34.84","28.31","12.09"
"2017-02-16","CLEAR_DAY","0.51","37.79","30.31","5.1"
"2017-02-17","CLEAR_DAY","0.57","64.84","33.32","8.23"
"2017-02-18","CLEAR_DAY","0.54","61.54","46.27","5.63"
"2017-02-19","CLEAR_DAY","0.61","55.15","42.1","1.3"
"2017-02-20","PARTLY_CLOUDY_NIGHT","0.69","58.59","42.1","10.16"
"2017-02-21","PARTLY_CLOUDY_NIGHT","0.82","62.2","50.31","6.72"
"2017-02-22","FOG","0.86","65.31","52.57","12.35"
"2017-02-23","RAIN","0.86","58.43","37.34","7.46"
"2017-02-24","PARTLY_CLOUDY_NIGHT","0.94","41.14","34.4","9.01"
"2017-02-25","PARTLY_CLOUDY_DAY","0.68","33.73","22.91","13.85"
"2017-02-26","WIND","0.55","47.18","24.81","13.12"
"2017-02-27","PARTLY_CLOUDY_DAY","0.67","46.48","33.78","6.29"
"2017-02-28","RAIN","0.9","57.31","43.1","12.29"
"2017-03-01","FOG","0.88","52.49","32.55","11.84"
"2017-03-02","PARTLY_CLOUDY_DAY","0.62","32.13","28.2","10.08"
"2017-03-03","PARTLY_CLOUDY_NIGHT","0.44","30.6","21.74","4.78"
"2017-03-04","WIND","0.74","37.67","28.31","16.11"
"2017-03-05","WIND","0.65","58","33.15","15.42"
"2017-03-06","RAIN","0.81","63.09","51.32","21.1"
"2017-03-07","WIND","0.56","63.13","44.62","16.16"
"2017-03-08","WIND","0.35","51.09","41.77","19.01"
"2017-03-09","PARTLY_CLOUDY_DAY","0.58","40.58","34.29","8.55"
"2017-03-10","CLEAR_DAY","0.36","35.98","23.6","14.78"
"2017-03-11","PARTLY_CLOUDY_DAY","0.36","25.65","18.53","8.9"
"2017-03-12","CLEAR_DAY","0.44","31.26","22.26","3.33"
"2017-03-13","SNOW","0.84","29.25","26.67","12.52"
"2017-03-14","WIND","0.69","27.57","21.45","13.06"
"2017-03-15","CLEAR_DAY","0.52","31.61","18.51","11.74"
"2017-03-16","CLEAR_DAY","0.53","39.63","22.21","5.01"
"2017-03-17","FOG","0.82","45.71","34.8","6.54"
"2017-03-18","PARTLY_CLOUDY_NIGHT","0.7","43.18","38.03","11.12"
"2017-03-19","PARTLY_CLOUDY_DAY","0.73","46.79","33.91","2.89"
"2017-03-20","RAIN","0.81","48.12","39.88","1.61"
"2017-03-21","WIND","0.66","47.76","33.03","11.71"
"2017-03-22","WIND","0.62","32.29","28.32","14"
"2017-03-23","PARTLY_CLOUDY_NIGHT","0.56","48.25","31.5","12.6"
"2017-03-24","RAIN","0.62","78.54","41.23","7.1"
"2017-03-25","RAIN","0.96","46.59","39.8","11.94"
"2017-03-26","RAIN","0.92","59.27","45.54","3.95"
"2017-03-27","CLEAR_DAY","0.95","50.95","39.74","4.22"
"2017-03-28","FOG","0.89","43.61","37.14","11.86"
"2017-03-29","RAIN","0.86","43.98","34.35","11.15"
"2017-03-30","RAIN","0.96","42.58","39.3","13.32"
"2017-03-31","WIND","0.91","39.45","37.07","18.68"
"2017-04-01","CLEAR_DAY","0.6","47.13","36.43","3.09"
"2017-04-02","PARTLY_CLOUDY_DAY","0.55","51.69","43.2","4.78"
"2017-04-03","RAIN","0.85","47.08","44.81","4.48"
"2017-04-04","PARTLY_CLOUDY_DAY","0.85","48.71","43.74","5.23"
"2017-04-05","RAIN","0.92","43.77","39.38","17.76"
"2017-04-06","WIND","0.75","43.73","37.97","24.39"
"2017-04-07","WIND","0.48","47.16","37.99","11.17"
"2017-04-08","WIND","0.45","64.54","40.69","12.88"
"2017-04-09","WIND","0.52","73.77","57.24","19.79"
"2017-04-10","RAIN","0.72","72.62","40.62","11.08"
"2017-04-11","CLEAR_DAY","0.79","52.41","40","6.36"
"2017-04-12","CLEAR_DAY","0.69","48.29","41.42","4.4"
"2017-04-13","RAIN","0.73","52.97","43.41","7.72"
"2017-04-14","RAIN","0.74","62.51","44.63","5.35"
"2017-04-15","RAIN","0.6","79.67","56.63","16.49"
"2017-04-16","RAIN","0.65","71.4","59.54","9.5"
"2017-04-17","CLEAR_DAY","0.62","60.46","43.38","5.52"
"2017-04-18","PARTLY_CLOUDY_DAY","0.6","74.51","43.23","7.72"
"2017-04-19","PARTLY_CLOUDY_DAY","0.8","69.69","43.87","2.59"
"2017-04-20","WIND","0.74","71.7","45.67","8.48"
"2017-04-21","CLEAR_DAY","0.63","51.53","44.63","10.55"
"2017-04-22","CLEAR_DAY","0.59","51.22","43.45","11.75"
"2017-04-23","CLEAR_DAY","0.51","61.34","42.47","1.96"
"2017-04-24","CLEAR_DAY","0.63","60.59","41.76","4.93"
"2017-04-25","CLEAR_DAY","0.58","68.27","53.98","10.04"
"2017-04-26","RAIN","0.67","74.2","59.89","10.28"
"2017-04-27","WIND","0.82","59.7","44.84","12.18"
"2017-04-28","WIND","0.79","51.95","43.36","2.46"
"2017-04-29","RAIN","0.87","45.95","40.2","22.34"
"2017-04-30","RAIN","0.98","47.82","43.1","13.85"
"2017-05-01","WIND","0.82","55.4","46.24","12.05"
"2017-05-02","WIND","0.74","49.24","41.54","14.13"
"2017-05-03","CLEAR_DAY","0.66","50.42","40.94","3.33"
"2017-05-04","WIND","0.75","48.26","45.55","11.59"
"2017-05-05","RAIN","0.76","50.81","41.96","18.67"
"2017-05-06","WIND","0.64","50.59","44.21","13.32"
"2017-05-07","CLEAR_DAY","0.53","48.21","41.95","8.35"
"2017-05-08","PARTLY_CLOUDY_NIGHT","0.58","47.41","39.32","7.84"
"2017-05-09","RAIN","0.7","52.49","42.54","5.87"
"2017-05-10","RAIN","0.74","57.39","47.92","7.02"
"2017-05-11","PARTLY_CLOUDY_DAY","0.81","56.77","47.25","8.68"
"2017-05-12","CLEAR_DAY","0.7","58","47.86","6.29"
"2017-05-13","PARTLY_CLOUDY_DAY","0.59","77.47","50.89","5.28"
"2017-05-14","CLEAR_DAY","0.67","57.12","49.76","8.74"
"2017-05-15","CLEAR_DAY","0.61","70.48","48.88","4.44"
"2017-05-16","WIND","0.59","86.16","64.02","13.25"
"2017-05-17","RAIN","0.57","82.54","70.43","20.1"
"2017-05-18","WIND","0.66","77.06","49.61","9.43"
"2017-05-19","RAIN","0.87","49.25","42.85","19.24"
"2017-05-20","RAIN","0.89","60.11","49.02","10.87"
"2017-05-21","PARTLY_CLOUDY_DAY","0.75","63.47","51.94","10.55"
"2017-05-22","WIND","0.61","72.26","49.69","11.98"
"2017-05-23","RAIN","0.86","60.93","54.99","4.5"
"2017-05-24","RAIN","0.92","55.44","50.45","13.93"
"2017-05-25","WIND","0.85","60.28","52.02","12.84"
"2017-05-26","RAIN","0.86","61.23","54.53","3.66"
"2017-05-27","PARTLY_CLOUDY_DAY","0.82","63.59","52.92","4.84"
"2017-05-28","PARTLY_CLOUDY_DAY","0.76","70.04","56.28","1.36"
"2017-05-29","WIND","0.5","75.14","59.86","10.23"
"2017-05-30","PARTLY_CLOUDY_DAY","0.54","71.56","57.8","8.66"
"2017-05-31","CLEAR_DAY","0.52","70.97","56.12","8.05"
"2017-06-01","CLEAR_DAY","0.53","67.19","55.99","0.82"
"2017-06-02","CLEAR_DAY","0.43","74.91","59.41","4.6"
"2017-06-03","CLEAR_DAY","0.51","79.03","65.01","3.86"
"2017-06-04","PARTLY_CLOUDY_DAY","0.55","88.66","68.42","4.89"
"2017-06-05","WIND","0.73","68.27","58.62","11.57"
"2017-06-06","WIND","0.62","65.44","54.5","13.34"
"2017-06-07","CLEAR_DAY","0.62","67.44","56.95","8.22"
"2017-06-08","PARTLY_CLOUDY_NIGHT","0.53","73.57","56.34","2.53"
"2017-06-09","PARTLY_CLOUDY_DAY","0.57","79.84","63.33","3.92"
"2017-06-10","WIND","0.48","88.62","62.64","15.87"
"2017-06-11","WIND","0.47","90.28","71.79","15.82"
"2017-06-12","WIND","0.5","92.56","72.74","12.32"
"2017-06-13","CLEAR_DAY","0.74","75.44","67.86","2.85"
"2017-06-14","RAIN","0.76","84.64","68.55","6.5"
"2017-06-15","RAIN","0.69","83.15","69.28","6.26"
"2017-06-16","PARTLY_CLOUDY_DAY","0.64","83.89","68.05","8.87"
"2017-06-17","RAIN","0.75","83.51","68.99","7.21"
"2017-06-18","WIND","0.67","76.53","70.8","12.2"
"2017-06-19","PARTLY_CLOUDY_DAY","0.65","75.38","63.84","8.08"
"2017-06-20","CLEAR_DAY","0.71","76.52","59.54","1.86"
"2017-06-21","PARTLY_CLOUDY_DAY","0.74","72.05","58.48","4.09"
"2017-06-22","WIND","0.69","85.84","69.59","14.61"
"2017-06-23","RAIN","0.69","78.05","66.08","5.97"
"2017-06-24","WIND","0.56","72.74","62.78","12.22"
"2017-06-25","WIND","0.56","70.17","56.35","12.64"
"2017-06-26","WIND","0.56","71.74","56.32","10.46"
"2017-06-27","PARTLY_CLOUDY_DAY","0.56","70.74","54.41","2.23"
"2017-06-28","RAIN","0.62","78.7","62.01","14.99"
"2017-06-29","RAIN","0.74","80.21","67.76","9.77"
"2017-06-30","PARTLY_CLOUDY_DAY","0.85","75.3","65.97","3.21"
"2017-07-01","PARTLY_CLOUDY_DAY","0.64","80.09","67.32","7.56"
"2017-07-02","PARTLY_CLOUDY_DAY","0.63","85.18","63.28","5.54"
"2017-07-03","PARTLY_CLOUDY_DAY","0.8","72.92","66.11","6.77"
"2017-07-04","CLEAR_DAY","0.78","75.93","65.72","5.94"
"2017-07-05","PARTLY_CLOUDY_DAY","0.64","79.81","68.79","5.18"
"2017-07-06","PARTLY_CLOUDY_DAY","0.64","86.92","71.26","2.69"
"2017-07-07","PARTLY_CLOUDY_DAY","0.71","80.97","67.13","5.06"
"2017-07-08","PARTLY_CLOUDY_DAY","0.63","72.88","63.87","5.37"
"2017-07-09","PARTLY_CLOUDY_DAY","0.54","82.66","62.81","8.36"
"2017-07-10","RAIN","0.8","78.07","67.74","2.65"
"2017-07-11","RAIN","0.84","79.43","70.52","1.54"
"2017-07-12","RAIN","0.87","78.83","70.06","7.1"
"2017-07-13","PARTLY_CLOUDY_DAY","0.74","81.75","73.78","8.55"
"2017-07-14","PARTLY_CLOUDY_DAY","0.77","72.56","65.07","8.14"
"2017-07-15","PARTLY_CLOUDY_DAY","0.72","78.34","61.98","2.79"
"2017-07-16","WIND","0.78","72.75","65.36","9.92"
"2017-07-17","CLEAR_DAY","0.75","72.54","61.09","6.49"
"2017-07-18","CLEAR_DAY","0.69","81.1","62.08","2.44"
"2017-07-19","RAIN","0.77","79.44","70.71","2.83"
"2017-07-20","RAIN","0.84","85.77","69.42","3.47"
"2017-07-21","RAIN","0.81","82.6","73.67","3.99"
"2017-07-22","RAIN","0.84","79.8","72.05","1.73"
"2017-07-23","RAIN","0.78","84.69","71.7","2.69"
"2017-07-24","WIND","0.74","70.63","67.48","12.48"
"2017-07-25","CLEAR_DAY","0.66","77.2","64.55","7.98"
"2017-07-26","PARTLY_CLOUDY_NIGHT","0.73","82.85","67.81","7.94"
"2017-07-27","WIND","0.82","76.41","70.75","9.39"
"2017-07-28","WIND","0.74","74.39","69.81","14.18"
"2017-07-29","WIND","0.61","74","64.7","11.56"
"2017-07-30","CLEAR_DAY","0.71","77.37","64.56","4.35"
"2017-07-31","PARTLY_CLOUDY_DAY","0.67","79.71","67.1","1.56"
"2017-08-01","CLEAR_DAY","0.69","79.69","70.38","3.32"
"2017-08-02","CLEAR_DAY","0.75","80.59","68.2","0.46"
"2017-08-03","RAIN","0.81","79.76","68.42","5.14"
"2017-08-04","WIND","0.74","66.1","56.74","13.94"
"2017-08-05","CLEAR_DAY","0.66","75.97","60.22","5.61"
"2017-08-06","PARTLY_CLOUDY_DAY","0.68","74.12","65.96","6.2"
"2017-08-07","PARTLY_CLOUDY_DAY","0.71","71.64","64.18","8.44"
"2017-08-08","PARTLY_CLOUDY_DAY","0.61","77.42","59.67","2.39"
"2017-08-09","PARTLY_CLOUDY_DAY","0.63","79.3","63.85","2.25"
"2017-08-10","PARTLY_CLOUDY_DAY","0.67","82.41","62.71","7.12"
"2017-08-11","PARTLY_CLOUDY_DAY","0.73","75.36","67.22","6.03"
"2017-08-12","PARTLY_CLOUDY_DAY","0.72","71.81","61.43","7.96"
"2017-08-13","CLEAR_DAY","0.68","73.25","59.94","1.55"
"2017-08-14","PARTLY_CLOUDY_DAY","0.68","78.53","65.31","3.64"
"2017-08-15","PARTLY_CLOUDY_DAY","0.77","81.6","68.4","3.84"
"2017-08-16","WIND","0.78","81.82","68.38","5.16"
"2017-08-17","RAIN","0.75","80.89","72.54","14.02"
"2017-08-18","PARTLY_CLOUDY_DAY","0.69","80.69","67.36","9.66"
"2017-08-19","CLEAR_DAY","0.67","77.89","64.82","1.64"
"2017-08-20","PARTLY_CLOUDY_NIGHT","0.69","82.43","66.85","5.79"
"2017-08-21","RAIN","0.79","81.99","71.94","6.85"
"2017-08-22","PARTLY_CLOUDY_DAY","0.69","78.97","67.47","9.7"
"2017-08-23","PARTLY_CLOUDY_DAY","0.62","72.54","60.47","4.57"
"2017-08-24","WIND","0.7","70.42","60.73","5.31"
"2017-08-25","PARTLY_CLOUDY_DAY","0.63","69.97","55.44","3.51"
"2017-08-26","PARTLY_CLOUDY_DAY","0.62","73.56","61.42","8.5"
"2017-08-27","PARTLY_CLOUDY_DAY","0.64","74.9","64.15","8.55"
"2017-08-28","PARTLY_CLOUDY_NIGHT","0.78","74.36","65.55","5.43"
"2017-08-29","PARTLY_CLOUDY_DAY","0.82","71.85","63.96","4.94"
"2017-08-30","PARTLY_CLOUDY_DAY","0.74","75.96","62.14","1.84"
"2017-08-31","WIND","0.73","69.57","66.12","15.38"
"2017-09-01","WIND","0.61","66.27","57.36","12.87"
"2017-09-02","RAIN","0.66","69.23","54.39","2.84"
"2017-09-03","CLEAR_DAY","0.68","78.57","57.42","4.31"
"2017-09-04","WIND","0.64","80.9","65.71","9.86"
"2017-09-05","WIND","0.62","67.85","55.99","12.75"
"2017-09-06","PARTLY_CLOUDY_DAY","0.69","62.84","50.79","9.35"
"2017-09-07","PARTLY_CLOUDY_DAY","0.63","67.23","53.75","8.97"
"2017-09-08","PARTLY_CLOUDY_DAY","0.67","65.13","58.76","6.04"
"2017-09-09","CLEAR_DAY","0.63","68.07","58.04","10.37"
"2017-09-10","CLEAR_DAY","0.64","66.94","53.48","7.95"
"2017-09-11","CLEAR_DAY","0.68","68.78","54.55","4.72"
"2017-09-12","CLEAR_DAY","0.74","70.94","58.71","8"
"2017-09-13","PARTLY_CLOUDY_NIGHT","0.84","69.37","63.29","3.98"
"2017-09-14","FOG","0.83","74.55","60.85","5.12"
"2017-09-15","CLEAR_DAY","0.69","81.51","63.62","9.12"
"2017-09-16","PARTLY_CLOUDY_DAY","0.66","81.86","66.37","8.88"
"2017-09-17","PARTLY_CLOUDY_NIGHT","0.71","80.34","66.88","1.8"
"2017-09-18","RAIN","0.72","71.88","61.62","7.8"
"2017-09-19","RAIN","0.88","72.51","65.85","5.37"
"2017-09-20","WIND","0.74","89.05","65.39","9.79"
"2017-09-21","CLEAR_DAY","0.69","86.68","73.39","5.41"
"2017-09-22","CLEAR_DAY","0.66","87.86","74.22","6.22"
"2017-09-23","CLEAR_DAY","0.68","85.54","73.24","4.84"
"2017-09-24","CLEAR_DAY","0.65","84.82","70.57","5.21"
"2017-09-25","PARTLY_CLOUDY_DAY","0.58","84.62","69.88","6.56"
"2017-09-26","PARTLY_CLOUDY_NIGHT","0.57","89.35","71.68","6.43"
"2017-09-27","CLEAR_DAY","0.63","73.61","60.08","10.98"
"2017-09-28","PARTLY_CLOUDY_NIGHT","0.6","68.26","55.8","3.98"
"2017-09-29","WIND","0.59","65.94","60.44","8.71"
"2017-09-30","CLEAR_DAY","0.61","63.2","56.24","9.9"
"2017-10-01","CLEAR_DAY","0.53","68.34","52.64","10.7"
"2017-10-02","PARTLY_CLOUDY_NIGHT","0.51","79.39","61.76","11.01"
"2017-10-03","PARTLY_CLOUDY_DAY","0.73","77.11","67.56","14.01"
"2017-10-04","CLEAR_DAY","0.79","72.1","63.02","4.41"
"2017-10-05","RAIN","0.67","69.13","59.19","3.56"
"2017-10-06","PARTLY_CLOUDY_DAY","0.93","67.99","61.66","4.66"
"2017-10-07","RAIN","0.76","78.27","61.65","15.39"
"2017-10-08","CLEAR_DAY","0.69","72.75","56.46","5.52"
"2017-10-09","PARTLY_CLOUDY_DAY","0.72","73.53","57.96","1.31"
"2017-10-10","RAIN","0.86","62.89","59.44","13.27"
"2017-10-11","RAIN","0.93","61.72","57.21","18.09"
"2017-10-12","CLEAR_DAY","0.88","59.46","56.03","6.34"
"2017-10-13","PARTLY_CLOUDY_DAY","0.8","70.16","54.77","4.96"
"2017-10-14","RAIN","0.94","64.83","61.46","5.76"
"2017-10-15","RAIN","0.79","67.22","49.87","10.96"
"2017-10-16","CLEAR_DAY","0.65","62.08","45.05","7.11"
"2017-10-17","CLEAR_DAY","0.53","69.49","50.22","11.56"
"2017-10-18","CLEAR_DAY","0.51","70.04","50.71","13.41"
"2017-10-19","CLEAR_DAY","0.55","63.96","54.07","1.96"